#
# A fatal error has been detected by the Java Runtime Environment:
#
#  EXCEPTION_ACCESS_VIOLATION (0xc0000005) at pc=0x00007ffad11ab3b6, pid=8640, tid=13596
#
# JRE version: Java(TM) SE Runtime Environment (23.0.2+7) (build 23.0.2+7-58)
# Java VM: Java HotSpot(TM) 64-Bit Server VM (23.0.2+7-58, mixed mode, sharing, tiered, compressed oops, compressed class ptrs, g1 gc, windows-amd64)
# Problematic frame:
# C  [awt.dll+0xdb3b6]
#
# No core dump will be written. Minidumps are not enabled by default on client versions of Windows
#
# If you would like to submit a bug report, please visit:
#   https://bugreport.java.com/bugreport/crash.jsp
# The crash happened outside the Java Virtual Machine in native code.
# See problematic frame for where to report the bug.
#

---------------  S U M M A R Y ------------

Command Line: -Dfile.encoding=UTF-8 --module-path=C:\Users\LapStore\OneDrive\Documents\JavaProject6\build\classes com.library.main.Main

Host: Intel(R) Core(TM) i5-6440HQ CPU @ 2.60GHz, 4 cores, 15G,  Windows 10 , 64 bit Build 19041 (10.0.19041.5915)
Time: Thu Dec 18 23:57:53 2025 Egypt Standard Time elapsed time: 278.346388 seconds (0d 0h 4m 38s)

---------------  T H R E A D  ---------------

Current thread (0x00000281d8418170):  JavaThread "AWT-EventQueue-0"        [_thread_in_native, id=13596, stack(0x000000d2afe00000,0x000000d2aff00000) (1024K)]

Stack: [0x000000d2afe00000,0x000000d2aff00000],  sp=0x000000d2afefe9d0,  free space=1018k
Native frames: (J=compiled Java code, j=interpreted, Vv=VM code, C=native code)
C  [awt.dll+0xdb3b6]  (no source info available)
C  [awt.dll+0xdcbf2]  (no source info available)
C  0x00000281c94dd207  (no source info available)

The last pc belongs to native method entry point (kind = native) (printed below).
Java frames: (J=compiled Java code, j=interpreted, Vv=VM code)
j  sun.awt.Win32GraphicsDevice.initNativeScale(I)V+0 java.desktop@23.0.2
j  sun.awt.Win32GraphicsDevice.initScaleFactors()V+60 java.desktop@23.0.2
j  sun.awt.Win32GraphicsDevice.displayChanged()V+16 java.desktop@23.0.2
j  sun.awt.Win32GraphicsEnvironment.displayChanged()V+271 java.desktop@23.0.2
j  sun.awt.windows.WToolkit.lambda$displayChanged$4()V+15 java.desktop@23.0.2
j  sun.awt.windows.WToolkit$$Lambda+0x00000281da25f490.run()V+0 java.desktop@23.0.2
j  java.awt.event.InvocationEvent.dispatch()V+47 java.desktop@23.0.2
j  java.awt.EventQueue.dispatchEventImpl(Ljava/awt/AWTEvent;Ljava/lang/Object;)V+21 java.desktop@23.0.2
j  java.awt.EventQueue$4.run()Ljava/lang/Void;+32 java.desktop@23.0.2
J 3192 c1 java.awt.EventQueue.dispatchEvent(Ljava/awt/AWTEvent;)V java.desktop@23.0.2 (80 bytes) @ 0x00000281c241d3c4 [0x00000281c241ce00+0x00000000000005c4]
j  java.awt.EventDispatchThread.pumpOneEventForFilters(I)V+81 java.desktop@23.0.2
j  java.awt.EventDispatchThread.pumpEventsForFilter(ILjava/awt/Conditional;Ljava/awt/EventFilter;)V+35 java.desktop@23.0.2
j  java.awt.EventDispatchThread.pumpEventsForHierarchy(ILjava/awt/Conditional;Ljava/awt/Component;)V+11 java.desktop@23.0.2
j  java.awt.EventDispatchThread.pumpEvents(ILjava/awt/Conditional;)V+4 java.desktop@23.0.2
j  java.awt.EventDispatchThread.pumpEvents(Ljava/awt/Conditional;)V+3 java.desktop@23.0.2
j  java.awt.EventDispatchThread.run()V+9 java.desktop@23.0.2
v  ~StubRoutines::call_stub 0x00000281c94d0fcd

siginfo: EXCEPTION_ACCESS_VIOLATION (0xc0000005), reading address 0x00000000000000a8


Registers:
RAX=0x0000000000000058, RBX=0x000002821f8e90b0, RCX=0x0000000000000058, RDX=0x0000000000000000
RSP=0x000000d2afefe9d0, RBP=0x000000d2afefeab0, RSI=0x0000000000000000, RDI=0x0000000000000000
R8 =0x0000000000000001, R9 =0x00000000000000dd, R10=0x00000281c94dd1d8, R11=0x0000000000000100
R12=0x0000000000000000, R13=0x000002821a274b80, R14=0x000000d2afefead8, R15=0x00000281d8418170
RIP=0x00007ffad11ab3b6, EFLAGS=0x0000000000010202


Register to memory mapping:

RAX=0x0000000000000058 is an unknown value
RBX=0x000002821f8e90b0 points into unknown readable memory: 0x000002821fa3ffd0 | d0 ff a3 1f 82 02 00 00
RCX=0x0000000000000058 is an unknown value
RDX=0x0 is null
RSP=0x000000d2afefe9d0 is pointing into the stack for thread: 0x00000281d8418170
RBP=0x000000d2afefeab0 is pointing into the stack for thread: 0x00000281d8418170
RSI=0x0 is null
RDI=0x0 is null
R8 =0x0000000000000001 is an unknown value
R9 =0x00000000000000dd is an unknown value
R10=0x00000281c94dd1d8 is at code_begin+1016 in an Interpreter codelet
native method entry point (kind = native)  [0x00000281c94dcde0, 0x00000281c94dd938]  2904 bytes
R11=0x0000000000000100 is an unknown value
R12=0x0 is null
R13={method} {0x000002821a274b88} 'initNativeScale' '(I)V' in 'sun/awt/Win32GraphicsDevice'
R14=0x000000d2afefead8 is pointing into the stack for thread: 0x00000281d8418170
R15=0x00000281d8418170 is a thread

Top of Stack: (sp=0x000000d2afefe9d0)
0x000000d2afefe9d0:   000002821af42928 00007ffaec651afc
0x000000d2afefe9e0:   000002821f8e90b0 0000000000000000
0x000000d2afefe9f0:   000002821f8e90b0 00007ffad11acbf2
0x000000d2afefea00:   00007ffad1209838 000002821a274b80
0x000000d2afefea10:   000000d2afefeac0 00000281d82a5940
0x000000d2afefea20:   00000281c94d889a 00000281c94dd207
0x000000d2afefea30:   000002821a274b80 000000d2afefeb50
0x000000d2afefea40:   00000281d8418170 00000281c94d889a
0x000000d2afefea50:   0000000000000000 00007ffaecac3f09
0x000000d2afefea60:   000000d2afefeba0 fffffffffffffff7
0x000000d2afefea70:   0000000000000000 0000000000000005
0x000000d2afefea80:   000002821a278278 0000000000000000
0x000000d2afefea90:   0000000701ab6220 000002821a274b80
0x000000d2afefeaa0:   0000000000000000 000000d2afefead0
0x000000d2afefeab0:   000000d2afefeb28 00000281c94d8700
0x000000d2afefeac0:   0000000000000000 00000281c94da5d7
0x000000d2afefead0:   0000000000000000 0000000701bca3b0
0x000000d2afefeae0:   fffffffffffffff7 000002821a2751d4
0x000000d2afefeaf0:   0000000000000002 000002821a278278
0x000000d2afefeb00:   0000000000000000 0000000701ab6220
0x000000d2afefeb10:   000002821a275220 fffffffffffffff5
0x000000d2afefeb20:   000000d2afefeb38 000000d2afefeb88
0x000000d2afefeb30:   00000281c94d8700 0000000701bca3b0
0x000000d2afefeb40:   fffffffffffffff7 000002821a276a98
0x000000d2afefeb50:   0000000000000003 000002821a278278
0x000000d2afefeb60:   0000000000000000 0000000701ab6220
0x000000d2afefeb70:   000002821a276ae0 fffffffffffffff6
0x000000d2afefeb80:   000000d2afefeba0 000000d2afefebf0
0x000000d2afefeb90:   00000281c94d8700 0000000000000000
0x000000d2afefeba0:   0000000701bca3b0 fffffffffffffff7
0x000000d2afefebb0:   000002821a266527 0000000000000008
0x000000d2afefebc0:   000002821a26a538 0000000000000000 

Instructions: (pc=0x00007ffad11ab3b6)
0x00007ffad11ab2b6:   11 45 d4 0f 11 45 e4 0f 11 45 f4 89 45 04 c7 45
0x00007ffad11ab2c6:   a0 68 00 00 00 0f 11 44 24 34 0f 11 44 24 44 0f
0x00007ffad11ab2d6:   11 44 24 54 0f 11 44 24 64 0f 11 44 24 74 0f 11
0x00007ffad11ab2e6:   45 84 89 45 94 c7 44 24 30 68 00 00 00 48 8d 55
0x00007ffad11ab2f6:   a0 49 8b ce ff 15 18 76 06 00 85 c0 74 41 48 8d
0x00007ffad11ab306:   54 24 30 48 8b ce ff 15 06 76 06 00 85 c0 74 2f
0x00007ffad11ab316:   48 8d 54 24 34 48 8d 4d a4 ff 15 1b 75 06 00 85
0x00007ffad11ab326:   c0 74 1c 48 8d 54 24 44 48 8d 4d b4 ff 15 08 75
0x00007ffad11ab336:   06 00 85 c0 74 09 8b 44 24 54 39 45 c4 74 11 ff
0x00007ffad11ab346:   c7 3b 7b 0c 0f 8c 40 ff ff ff 8b 3d 2a b0 06 00
0x00007ffad11ab356:   48 8b cb e8 02 cb f4 ff 90 8b c7 48 8b 4d 10 48
0x00007ffad11ab366:   33 cc e8 93 01 01 00 4c 8d 9c 24 20 01 00 00 49
0x00007ffad11ab376:   8b 5b 28 49 8b 73 30 49 8b e3 41 5e 5f 5d c3 cc
0x00007ffad11ab386:   cc cc cc cc cc cc cc cc cc cc 48 8b 41 08 48 8b
0x00007ffad11ab396:   80 18 0c 00 00 c3 cc cc cc cc 48 8b 41 08 48 05
0x00007ffad11ab3a6:   00 04 00 00 c3 cc cc cc cc cc 40 53 48 83 ec 20
0x00007ffad11ab3b6:   83 79 50 00 48 8b d9 75 56 48 8b 49 28 4c 8d 44
0x00007ffad11ab3c6:   24 38 48 8d 54 24 30 c7 44 24 30 00 00 80 bf c7
0x00007ffad11ab3d6:   44 24 38 00 00 80 bf e8 1e e1 00 00 f3 0f 10 54
0x00007ffad11ab3e6:   24 30 0f 57 c0 0f 2f d0 76 25 f3 0f 10 4c 24 38
0x00007ffad11ab3f6:   0f 2f c8 76 1a f3 0f 5e 15 09 a9 02 00 f3 0f 5e
0x00007ffad11ab406:   0d 01 a9 02 00 f3 0f 11 53 48 f3 0f 11 4b 4c 48
0x00007ffad11ab416:   83 c4 20 5b c3 cc cc cc cc cc 48 89 5c 24 10 48
0x00007ffad11ab426:   89 74 24 18 57 41 56 41 57 48 83 ec 40 48 8b d9
0x00007ffad11ab436:   48 83 79 18 00 75 14 b9 28 04 00 00 e8 19 97 00
0x00007ffad11ab446:   00 48 89 43 18 c7 00 28 00 00 00 48 8b 43 18 33
0x00007ffad11ab456:   ff 66 89 78 0e 48 8b 4b 28 e8 5c 03 00 00 48 8b
0x00007ffad11ab466:   f0 41 bf 01 00 00 00 45 8b c7 41 8b d7 48 8b c8
0x00007ffad11ab476:   ff 15 44 71 06 00 4c 8b f0 89 7c 24 30 48 8b 4b
0x00007ffad11ab486:   18 48 89 4c 24 28 48 89 7c 24 20 45 8b cf 45 33
0x00007ffad11ab496:   c0 48 8b d0 48 8b ce ff 15 3d 70 06 00 48 8b 53
0x00007ffad11ab4a6:   30 48 8b 0b 8b 05 d4 ae 06 00 83 79 04 08 0f 8e 


Stack slot to memory mapping:

stack at sp + 0 slots: 0x000002821af42928 is pointing into metadata
stack at sp + 1 slots: 0x00007ffaec651afc jvm.dll
stack at sp + 2 slots: 0x000002821f8e90b0 points into unknown readable memory: 0x000002821fa3ffd0 | d0 ff a3 1f 82 02 00 00
stack at sp + 3 slots: 0x0 is null
stack at sp + 4 slots: 0x000002821f8e90b0 points into unknown readable memory: 0x000002821fa3ffd0 | d0 ff a3 1f 82 02 00 00
stack at sp + 5 slots: 0x00007ffad11acbf2 awt.dll
stack at sp + 6 slots: 0x00007ffad1209838 awt.dll
stack at sp + 7 slots: {method} {0x000002821a274b88} 'initNativeScale' '(I)V' in 'sun/awt/Win32GraphicsDevice'

Lock stack of current Java thread (top to bottom):

native method entry point (kind = native)  [0x00000281c94dcde0, 0x00000281c94dd938]  2904 bytes
[MachCode]
  0x00000281c94dcde0: 488b 4b08 | 0fb7 492e | 584c 8d74 | ccf8 6800 | 0000 0068 | 0000 0000 | 5055 488b | ec41 5568 
  0x00000281c94dce00: 0000 0000 | 4c8b 6b08 | 4d8d 6d38 | 5348 8b53 | 0848 8b52 | 0848 8b52 | 1848 8b52 | 7048 8b12 
  0x00000281c94dce20: 5248 8b53 | 1048 85d2 | 0f84 0700 | 0000 4881 | c210 0100 | 0052 488b | 5308 488b | 5208 488b 
  0x00000281c94dce40: 5210 5249 | 8bc6 482b | c548 c1e8 | 0350 6800 | 0000 0068 | f7ff ffff | 41c6 8771 | 0400 0001 
  0x00000281c94dce60: 488b 4310 | 4885 c074 | 208b 88cc | 0000 0083 | c102 8988 | cc00 0000 | 2388 e000 | 0000 0f84 
  0x00000281c94dce80: 000a 0000 | e9cf 0000 | 0048 8b43 | 1848 85c0 | 0f85 b000 | 0000 e805 | 0000 00e9 | 9900 0000 
  0x00000281c94dcea0: 488b d348 | 8d44 2408 | 4c89 6dc0 | 498b cfc5 | f877 4989 | afb0 0300 | 0049 8987 | a003 0000 
  0x00000281c94dcec0: 4883 ec20 | 40f6 c40f | 0f84 1900 | 0000 4883 | ec08 48b8 | 8028 80ec | fa7f 0000 | ffd0 4883 
  0x00000281c94dcee0: c408 e90c | 0000 0048 | b880 2880 | ecfa 7f00 | 00ff d048 | 83c4 2049 | c787 a003 | 0000 0000 
  0x00000281c94dcf00: 0000 49c7 | 87b0 0300 | 0000 0000 | 0049 c787 | a803 0000 | 0000 0000 | c5f8 7749 | 837f 0800 
  0x00000281c94dcf20: 0f84 0500 | 0000 e995 | 3fff ff4c | 8b6d c04c | 8b75 c84e | 8d74 f500 | c348 8b43 | 1848 85c0 
  0x00000281c94dcf40: 0f84 1200 | 0000 8b48 | 0883 c102 | 8948 0823 | 481c 0f84 | 2c09 0000 | 493b a7e8 | 0400 000f 
  0x00000281c94dcf60: 8748 0000 | 0089 8424 | 00f0 ffff | 8984 2400 | e0ff ff89 | 8424 00d0 | ffff 8984 | 2400 c0ff 
  0x00000281c94dcf80: ff89 8424 | 00b0 ffff | 8984 2400 | a0ff ff89 | 8424 0090 | ffff 8984 | 2400 80ff | ff49 3ba7 
  0x00000281c94dcfa0: e004 0000 | 7607 4989 | a7e8 0400 | 0041 c687 | 7104 0000 | 0049 ba41 | bd07 edfa | 7f00 0041 
  0x00000281c94dcfc0: 803a 000f | 843e 0000 | 0048 8b55 | e849 8bcf | 4883 ec20 | 40f6 c40f | 0f84 1900 | 0000 4883 
  0x00000281c94dcfe0: ec08 48b8 | f0f0 b7ec | fa7f 0000 | ffd0 4883 | c408 e90c | 0000 0048 | b8f0 f0b7 | ecfa 7f00 
  0x00000281c94dd000: 00ff d048 | 83c4 2048 | 8b5d e84c | 8b5b 0845 | 0fb7 5b2e | 41c1 e303 | 492b e348 | 83ec 2048 
  0x00000281c94dd020: 83e4 f04c | 8b5b 604d | 85db 0f85 | ab00 0000 | e805 0000 | 00e9 9900 | 0000 488b | d348 8d44 
  0x00000281c94dd040: 2408 4c89 | 6dc0 498b | cfc5 f877 | 4989 afb0 | 0300 0049 | 8987 a003 | 0000 4883 | ec20 40f6 
  0x00000281c94dd060: c40f 0f84 | 1900 0000 | 4883 ec08 | 48b8 e04f | 80ec fa7f | 0000 ffd0 | 4883 c408 | e90c 0000 
  0x00000281c94dd080: 0048 b8e0 | 4f80 ecfa | 7f00 00ff | d048 83c4 | 2049 c787 | a003 0000 | 0000 0000 | 49c7 87b0 
  0x00000281c94dd0a0: 0300 0000 | 0000 0049 | c787 a803 | 0000 0000 | 0000 c5f8 | 7749 837f | 0800 0f84 | 0500 0000 
  0x00000281c94dd0c0: e9fb 3dff | ff4c 8b6d | c04c 8b75 | c84e 8d74 | f500 c348 | 8b5d e84c | 8b5b 6041 | ffd3 488b 
  0x00000281c94dd0e0: 5de8 4889 | 4518 448b | 5b28 41f6 | c308 0f84 | 1b00 0000 | 4c8b 5b08 | 4d8b 5b08 | 4d8b 5b18 
  0x00000281c94dd100: 4d8b 5b70 | 4d8b 1b4c | 895d 1048 | 8d55 1048 | 8b43 5849 | ba40 3fb8 | ecfa 7f00 | 0049 3bc2 
  0x00000281c94dd120: 0f85 ab00 | 0000 e805 | 0000 00e9 | 9900 0000 | 488b d348 | 8d44 2408 | 4c89 6dc0 | 498b cfc5 
  0x00000281c94dd140: f877 4989 | afb0 0300 | 0049 8987 | a003 0000 | 4883 ec20 | 40f6 c40f | 0f84 1900 | 0000 4883 
  0x00000281c94dd160: ec08 48b8 | e04f 80ec | fa7f 0000 | ffd0 4883 | c408 e90c | 0000 0048 | b8e0 4f80 | ecfa 7f00 
  0x00000281c94dd180: 00ff d048 | 83c4 2049 | c787 a003 | 0000 0000 | 0000 49c7 | 87b0 0300 | 0000 0000 | 0049 c787 
  0x00000281c94dd1a0: a803 0000 | 0000 0000 | c5f8 7749 | 837f 0800 | 0f84 0500 | 0000 e905 | 3dff ff4c | 8b6d c04c 
  0x00000281c94dd1c0: 8b75 c84e | 8d74 f500 | c348 8b5d | e848 8b43 | 5849 8d8f | c003 0000 | c5f8 7749 | 89af b003 
  0x00000281c94dd1e0: 0000 49ba | d8d1 4dc9 | 8102 0000 | 4d89 97a8 | 0300 0049 | 89a7 a003 | 0000 41c7 | 8744 0400 
  0x00000281c94dd200: 0004 0000 | 00ff d0c5 | f877 4883 | ec10 c5fb | 1104 2448 | 83ec 1048 | 8904 2448 | c744 2408 
  0x00000281c94dd220: 0000 0000 | 41c7 8744 | 0400 0005 | 0000 00f0 | 8344 24c0 | 0049 3baf | 4804 0000 | 0f87 0e00 
  0x00000281c94dd240: 0000 4183 | bf40 0400 | 0000 0f84 | 2000 0000 | 498b cf4c | 8be4 4883 | ec20 4883 | e4f0 48b8 
  0x00000281c94dd260: 80ab 81ec | fa7f 0000 | ffd0 498b | e44d 33e4 | 41c7 8744 | 0400 0008 | 0000 0049 | c787 a003 
  0x00000281c94dd280: 0000 0000 | 0000 49c7 | 87b0 0300 | 0000 0000 | 0049 c787 | a803 0000 | 0000 0000 | c5f8 774d 
  0x00000281c94dd2a0: 8b9f 3004 | 0000 41c7 | 8300 0100 | 0000 0000 | 0049 bbda | a54d c981 | 0200 004c | 3b5d 180f 
  0x00000281c94dd2c0: 8524 0200 | 0048 8b04 | 2448 83c4 | 1048 85c0 | 0f84 fe01 | 0000 a803 | 0f85 0800 | 0000 488b 
  0x00000281c94dd2e0: 00e9 ee01 | 0000 a801 | 0f85 0900 | 0000 488b | 40fe e9dd | 0100 0048 | 8b40 ff41 | 807f 3800 
  0x00000281c94dd300: 0f84 ce01 | 0000 4883 | f800 0f84 | c401 0000 | 4d8b 5f28 | 4983 fb00 | 0f84 1400 | 0000 4983 
  0x00000281c94dd320: eb08 4d89 | 5f28 4d03 | 5f30 4989 | 03e9 a201 | 0000 4881 | ecd0 0000 | 0048 8904 | 2448 894c 
  0x00000281c94dd340: 2408 4889 | 5424 1048 | 8974 2418 | 4889 7c24 | 204c 8944 | 2428 4c89 | 4c24 304c | 8954 2438 
  0x00000281c94dd360: 4c89 5c24 | 40c5 fb11 | 4424 50c5 | fb11 4c24 | 58c5 fb11 | 5424 60c5 | fb11 5c24 | 68c5 fb11 
  0x00000281c94dd380: 6424 70c5 | fb11 6c24 | 78c5 fb11 | b424 8000 | 0000 c5fb | 11bc 2488 | 0000 00c5 | 7b11 8424 
  0x00000281c94dd3a0: 9000 0000 | c57b 118c | 2498 0000 | 00c5 7b11 | 9424 a000 | 0000 c57b | 119c 24a8 | 0000 00c5 
  0x00000281c94dd3c0: 7b11 a424 | b000 0000 | c57b 11ac | 24b8 0000 | 00c5 7b11 | b424 c000 | 0000 c57b | 11bc 24c8 
  0x00000281c94dd3e0: 0000 0049 | 8bd7 488b | c848 83ec | 2040 f6c4 | 0f0f 8419 | 0000 0048 | 83ec 0848 | b800 0975 
  0x00000281c94dd400: ecfa 7f00 | 00ff d048 | 83c4 08e9 | 0c00 0000 | 48b8 0009 | 75ec fa7f | 0000 ffd0 | 4883 c420 
  0x00000281c94dd420: c57b 10bc | 24c8 0000 | 00c5 7b10 | b424 c000 | 0000 c57b | 10ac 24b8 | 0000 00c5 | 7b10 a424 
  0x00000281c94dd440: b000 0000 | c57b 109c | 24a8 0000 | 00c5 7b10 | 9424 a000 | 0000 c57b | 108c 2498 | 0000 00c5 
  0x00000281c94dd460: 7b10 8424 | 9000 0000 | c5fb 10bc | 2488 0000 | 00c5 fb10 | b424 8000 | 0000 c5fb | 106c 2478 
  0x00000281c94dd480: c5fb 1064 | 2470 c5fb | 105c 2468 | c5fb 1054 | 2460 c5fb | 104c 2458 | c5fb 1044 | 2450 4c8b 
  0x00000281c94dd4a0: 5c24 404c | 8b54 2438 | 4c8b 4c24 | 304c 8b44 | 2428 488b | 7c24 2048 | 8b74 2418 | 488b 5424 
  0x00000281c94dd4c0: 1048 8b4c | 2408 488b | 0424 4881 | c4d0 0000 | 00c5 f877 | 4889 4510 | 4883 ec10 | 4889 0424 
  0x00000281c94dd4e0: 48c7 4424 | 0800 0000 | 0041 83bf | c804 0000 | 020f 85bf | 0000 0048 | 81ec 8000 | 0000 4889 
  0x00000281c94dd500: 4424 7848 | 894c 2470 | 4889 5424 | 6848 895c | 2460 4889 | 6c24 5048 | 8974 2448 | 4889 7c24 
  0x00000281c94dd520: 404c 8944 | 2438 4c89 | 4c24 304c | 8954 2428 | 4c89 5c24 | 204c 8964 | 2418 4c89 | 6c24 104c 
  0x00000281c94dd540: 8974 2408 | 4c89 3c24 | 4c8b e448 | 83ec 2048 | 83e4 f048 | b8a0 25b8 | ecfa 7f00 | 00ff d049 
  0x00000281c94dd560: 8be4 4c8b | 3c24 4c8b | 7424 084c | 8b6c 2410 | 4c8b 6424 | 184c 8b5c | 2420 4c8b | 5424 284c 
  0x00000281c94dd580: 8b4c 2430 | 4c8b 4424 | 3848 8b7c | 2440 488b | 7424 4848 | 8b6c 2450 | 488b 5c24 | 6048 8b54 
  0x00000281c94dd5a0: 2468 488b | 4c24 7048 | 8b44 2478 | 4881 c480 | 0000 004d | 33e4 488b | 5de8 4c8b | 6b08 4d8d 
  0x00000281c94dd5c0: 6d38 4983 | 7f08 000f | 84bb 0000 | 00e8 0500 | 0000 e996 | 0000 0048 | 8d44 2408 | 4c89 6dc0 
  0x00000281c94dd5e0: 498b cfc5 | f877 4989 | afb0 0300 | 0049 8987 | a003 0000 | 4883 ec20 | 40f6 c40f | 0f84 1900 
  0x00000281c94dd600: 0000 4883 | ec08 48b8 | f06d 80ec | fa7f 0000 | ffd0 4883 | c408 e90c | 0000 0048 | b8f0 6d80 
  0x00000281c94dd620: ecfa 7f00 | 00ff d048 | 83c4 2049 | c787 a003 | 0000 0000 | 0000 49c7 | 87b0 0300 | 0000 0000 
  0x00000281c94dd640: 0049 c787 | a803 0000 | 0000 0000 | c5f8 7749 | 837f 0800 | 0f84 0500 | 0000 e961 | 38ff ff4c 
  0x00000281c94dd660: 8b6d c04c | 8b75 c84e | 8d74 f500 | c348 b940 | e5df ecfa | 7f00 0048 | 83e4 f048 | b850 4da6 
  0x00000281c94dd680: ecfa 7f00 | 00ff d0f4 | 448b 5b28 | 41f6 c320 | 0f84 7901 | 0000 488d | 55a8 4c8b | 5a08 4d85 
  0x00000281c94dd6a0: db0f 85bb | 0000 00e8 | 0500 0000 | e996 0000 | 0048 8d44 | 2408 4c89 | 6dc0 498b | cfc5 f877 
  0x00000281c94dd6c0: 4989 afb0 | 0300 0049 | 8987 a003 | 0000 4883 | ec20 40f6 | c40f 0f84 | 1900 0000 | 4883 ec08 
  0x00000281c94dd6e0: 48b8 206d | 80ec fa7f | 0000 ffd0 | 4883 c408 | e90c 0000 | 0048 b820 | 6d80 ecfa | 7f00 00ff 
  0x00000281c94dd700: d048 83c4 | 2049 c787 | a003 0000 | 0000 0000 | 49c7 87b0 | 0300 0000 | 0000 0049 | c787 a803 
  0x00000281c94dd720: 0000 0000 | 0000 c5f8 | 7749 837f | 0800 0f84 | 0500 0000 | e987 37ff | ff4c 8b6d | c04c 8b75 
  0x00000281c94dd740: c84e 8d74 | f500 c348 | b940 e5df | ecfa 7f00 | 0048 83e4 | f048 b850 | 4da6 ecfa | 7f00 00ff 
  0x00000281c94dd760: d0f4 4c89 | 6dc0 4c8b | 4a08 48c7 | 4208 0000 | 0000 458b | 8718 0600 | 004f 3b4c | 07f8 0f85 
  0x00000281c94dd780: 4900 0000 | 4183 af18 | 0600 0008 | 4f3b 4c07 | f00f 842a | 0000 0049 | 8b01 a802 | 0f85 1200 
  0x00000281c94dd7a0: 0000 4c8b | c049 83c8 | 01f0 4d0f | b101 0f84 | 0d00 0000 | 4183 8718 | 0600 0008 | e90c 0000 
  0x00000281c94dd7c0: 0049 ff8f | 5005 0000 | e93e 0000 | 004c 894a | 0848 8bca | 4883 ec20 | 40f6 c40f | 0f84 1900 
  0x00000281c94dd7e0: 0000 4883 | ec08 48b8 | e03f 80ec | fa7f 0000 | ffd0 4883 | c408 e90c | 0000 0048 | b8e0 3f80 
  0x00000281c94dd800: ecfa 7f00 | 00ff d048 | 83c4 204c | 8b6d c049 | ba41 bd07 | edfa 7f00 | 0041 803a | 000f 843e 
  0x00000281c94dd820: 0000 0048 | 8b55 e849 | 8bcf 4883 | ec20 40f6 | c40f 0f84 | 1900 0000 | 4883 ec08 | 48b8 f0f0 
  0x00000281c94dd840: b7ec fa7f | 0000 ffd0 | 4883 c408 | e90c 0000 | 0048 b8f0 | f0b7 ecfa | 7f00 00ff | d048 83c4 
  0x00000281c94dd860: 2048 8b04 | 2448 83c4 | 10c5 fb10 | 0424 4883 | c410 4c8b | 5d18 41ff | d34c 8b5d | f8c9 5f49 
  0x00000281c94dd880: 8be3 ffe7 | ba00 0000 | 00e8 0500 | 0000 e996 | 0000 0048 | 8d44 2408 | 4c89 6dc0 | 498b cfc5 
  0x00000281c94dd8a0: f877 4989 | afb0 0300 | 0049 8987 | a003 0000 | 4883 ec20 | 40f6 c40f | 0f84 1900 | 0000 4883 
  0x00000281c94dd8c0: ec08 48b8 | 9033 80ec | fa7f 0000 | ffd0 4883 | c408 e90c | 0000 0048 | b890 3380 | ecfa 7f00 
  0x00000281c94dd8e0: 00ff d048 | 83c4 2049 | c787 a003 | 0000 0000 | 0000 49c7 | 87b0 0300 | 0000 0000 | 0049 c787 
  0x00000281c94dd900: a803 0000 | 0000 0000 | c5f8 7749 | 837f 0800 | 0f84 0500 | 0000 e9a5 | 35ff ff4c | 8b6d c04c 
  0x00000281c94dd920: 8b75 c84e | 8d74 f500 | c348 8b5d | e8e9 26f6 | ffff 660f | 1f44 0000 
[/MachCode]

Compiled method (c1) 279665 3192       3       java.awt.EventQueue::dispatchEvent (80 bytes)
 total in heap  [0x00000281c241cb08,0x00000281c241e000] = 5368
 relocation     [0x00000281c241cbe0,0x00000281c241cde8] = 520
 main code      [0x00000281c241ce00,0x00000281c241dea8] = 4264
 stub code      [0x00000281c241dea8,0x00000281c241df68] = 192
 oops           [0x00000281c241df68,0x00000281c241df70] = 8
 metadata       [0x00000281c241df70,0x00000281c241e000] = 144
 immutable data [0x00000281d87c49c0,0x00000281d87c5028] = 1640
 dependencies   [0x00000281d87c49c0,0x00000281d87c49e8] = 40
 nul chk table  [0x00000281d87c49e8,0x00000281d87c49f8] = 16
 scopes pcs     [0x00000281d87c49f8,0x00000281d87c4ca8] = 688
 scopes data    [0x00000281d87c4ca8,0x00000281d87c5028] = 896

[Constant Pool (empty)]

[MachCode]
[Instructions begin]
  0x00000281c241ce00: 6666 660f | 1f84 0000 | 0000 0066 | 6666 9066 | 6690 448b | 5208 443b 

  0x00000281c241ce18: ;   {runtime_call ic_miss_stub}
  0x00000281c241ce18: 5008 0f85 | c016 1007 
[Verified Entry Point]
  0x00000281c241ce20: 8984 2400 | 80ff ff55 | 4881 ec80 | 0100 0090 | 4181 7f20 | 0100 0000 

  0x00000281c241ce38: ;   {runtime_call StubRoutines (final stubs)}
  0x00000281c241ce38: 7405 e801 | a90e 0748 | 8994 2400 

  0x00000281c241ce44: ;   {metadata(method data for {method} {0x000002821a05e370} 'dispatchEvent' '(Ljava/awt/AWTEvent;)V' in 'java/awt/EventQueue')}
  0x00000281c241ce44: 0100 0048 | be58 ddf3 | 1a82 0200 | 008b becc | 0000 0083 | c702 89be | cc00 0000 | 81e7 fe07 
  0x00000281c241ce64: 0000 85ff | 0f84 f30b | 0000 493b | 0049 8bf0 

  0x00000281c241ce74: ;   {metadata(method data for {method} {0x000002821a05e370} 'dispatchEvent' '(Ljava/awt/AWTEvent;)V' in 'java/awt/EventQueue')}
  0x00000281c241ce74: 48bf 58dd | f31a 8202 | 0000 8b76 | 0849 ba00 | 0000 d981 | 0200 0049 | 03f2 483b | b720 0100 
  0x00000281c241ce94: 0075 0d48 | 8387 2801 | 0000 01e9 | 6000 0000 | 483b b730 | 0100 0075 | 0d48 8387 | 3801 0000 
  0x00000281c241ceb4: 01e9 4a00 | 0000 4883 | bf20 0100 | 0000 7517 | 4889 b720 | 0100 0048 | c787 2801 | 0000 0100 
  0x00000281c241ced4: 0000 e929 | 0000 0048 | 83bf 3001 | 0000 0075 | 1748 89b7 | 3001 0000 | 48c7 8738 | 0100 0001 
  0x00000281c241cef4: 0000 00e9 | 0800 0000 | 4883 8718 | 0100 0001 | 418b 580c | 48c1 e303 

  0x00000281c241cf0c: ;   {metadata('java/awt/EventQueue$4')}
  0x00000281c241cf0c: 4c8b ca48 | ba58 0607 | da81 0200 | 0049 8b87 | b801 0000 | 488d 7818 | 493b bfc8 | 0100 000f 
  0x00000281c241cf2c: 8756 0b00 | 0049 89bf | b801 0000 | 48c7 0001 | 0000 0048 | 8bca 49ba | 0000 00d9 | 8102 0000 
  0x00000281c241cf4c: 492b ca89 | 4808 4833 | c989 480c | 4833 c948 | 8948 1048 | 8984 24f8 | 0000 0048 

  0x00000281c241cf68: ;   {metadata(method data for {method} {0x000002821a05e370} 'dispatchEvent' '(Ljava/awt/AWTEvent;)V' in 'java/awt/EventQueue')}
  0x00000281c241cf68: 8bf0 48bf | 58dd f31a | 8202 0000 | 4883 8748 | 0100 0001 

  0x00000281c241cf7c: ;   {metadata(method data for {method} {0x000002821a1f3090} '<init>' '(Ljava/awt/EventQueue;Ljava/awt/AWTEvent;Ljava/lang/Object;)V' in 'java/awt/EventQueue$4')}
  0x00000281c241cf7c: 48be f0df | f31a 8202 | 0000 8bbe | cc00 0000 | 83c7 0289 | becc 0000 | 0081 e7fe | ff1f 0085 
  0x00000281c241cf9c: ff0f 84f1 | 0a00 0041 | 0fbe 7738 | 85f6 0f85 | 050b 0000 | 4d8b d049 | c1ea 0344 | 8950 0c48 
  0x00000281c241cfbc: 8bf0 4933 | f048 c1ee | 1548 83fe | 000f 8505 | 0b00 0041 | 0fbe 7738 | 85f6 0f85 | 100b 0000 
  0x00000281c241cfdc: 4c8b d349 | c1ea 0344 | 8950 1048 | 8bf0 4833 | f348 c1ee | 1548 83fe | 000f 8510 | 0b00 0041 
  0x00000281c241cffc: 0fbe 7738 | 85f6 0f85 | 1b0b 0000 | 4d8b d149 | c1ea 0344 | 8950 1448 | 8bf0 4933 | f148 c1ee 
  0x00000281c241d01c: 1548 83fe | 000f 851b | 0b00 0048 

  0x00000281c241d028: ;   {metadata(method data for {method} {0x000002821a1f3090} '<init>' '(Ljava/awt/EventQueue;Ljava/awt/AWTEvent;Ljava/lang/Object;)V' in 'java/awt/EventQueue$4')}
  0x00000281c241d028: 8bf0 48bf | f0df f31a | 8202 0000 | 4883 8718 | 0100 0001 

  0x00000281c241d03c: ;   {metadata(method data for {method} {0x00000281d949d358} '<init>' '()V' in 'java/lang/Object')}
  0x00000281c241d03c: 48be 9068 | 001a 8202 | 0000 8bbe | cc00 0000 | 83c7 0289 | becc 0000 | 0081 e7fe | ff1f 0085 
  0x00000281c241d05c: ff0f 84f7 

  0x00000281c241d060: ;   {metadata(method data for {method} {0x000002821a05e370} 'dispatchEvent' '(Ljava/awt/AWTEvent;)V' in 'java/awt/EventQueue')}
  0x00000281c241d060: 0a00 0048 | be58 ddf3 | 1a82 0200 | 0048 8386 | 5801 0000 | 014c 8984 | 24f0 0000 | 0048 899c 
  0x00000281c241d080: 24e8 0000 

  0x00000281c241d084: ;   {static_call}
  0x00000281c241d084: 0066 90e8 

  0x00000281c241d088: ; ImmutableOopMap {[232]=Oop [240]=Oop [248]=Oop [256]=Oop }
                      ;*invokestatic getContext {reexecute=0 rethrow=0 return_oop=0}
                      ; - java.awt.EventQueue::dispatchEvent@16 (line 736)
  0x00000281c241d088: 5470 dfff 

  0x00000281c241d08c: ;   {other}
  0x00000281c241d08c: 0f1f 8400 | 8405 0000 | 4889 8424 | 0801 0000 

  0x00000281c241d09c: ;   {metadata(method data for {method} {0x000002821a05e370} 'dispatchEvent' '(Ljava/awt/AWTEvent;)V' in 'java/awt/EventQueue')}
  0x00000281c241d09c: 48ba 58dd | f31a 8202 | 0000 4883 | 8268 0100 | 0001 488b | 9424 e800 

  0x00000281c241d0b4: ;   {static_call}
  0x00000281c241d0b4: 0000 90e8 

  0x00000281c241d0b8: ; ImmutableOopMap {[240]=Oop [248]=Oop [256]=Oop [264]=Oop }
                      ;*invokestatic getAccessControlContextFrom {reexecute=0 rethrow=0 return_oop=0}
                      ; - java.awt.EventQueue::dispatchEvent@22 (line 738)
  0x00000281c241d0b8: e414 0000 

  0x00000281c241d0bc: ;   {other}
  0x00000281c241d0bc: 0f1f 8400 | b405 0001 | 4c8b 8424 | f000 0000 

  0x00000281c241d0cc: ;   {metadata(method data for {method} {0x000002821a05e370} 'dispatchEvent' '(Ljava/awt/AWTEvent;)V' in 'java/awt/EventQueue')}
  0x00000281c241d0cc: 48ba 58dd | f31a 8202 | 0000 4883 | 8278 0100 

  0x00000281c241d0dc: ;   {metadata(method data for {method} {0x000002821a177070} 'getAccessControlContext' '()Ljava/security/AccessControlContext;' in 'java/awt/AWTEvent')}
  0x00000281c241d0dc: 0001 48ba | 10e5 f31a | 8202 0000 | 448b 82cc | 0000 0041 | 83c0 0244 | 8982 cc00 | 0000 4181 
  0x00000281c241d0fc: e0fe ff1f | 0045 85c0 | 0f84 710a | 0000 4c8b | 8424 f000 | 0000 418b | 501c 48c1 | e203 4885 
  0x00000281c241d11c: ;   {metadata(method data for {method} {0x000002821a177070} 'getAccessControlContext' '()Ljava/security/AccessControlContext;' in 'java/awt/AWTEvent')}
  0x00000281c241d11c: d248 ba10 | e5f3 1a82 | 0200 00be | 2801 0000 | 7405 be18 | 0100 0048 | 8b3c 3248 | 8d7f 0148 
  0x00000281c241d13c: 893c 320f | 84bb 0800 | 0041 8b58 | 1c48 c1e3 | 0348 85c0 

  0x00000281c241d150: ;   {metadata(method data for {method} {0x000002821a05e370} 'dispatchEvent' '(Ljava/awt/AWTEvent;)V' in 'java/awt/EventQueue')}
  0x00000281c241d150: 48ba 58dd | f31a 8202 | 0000 41b8 | a801 0000 | 7506 41b8 | b801 0000 | 4a8b 3402 | 488d 7601 
  0x00000281c241d170: 4a89 3402 | 0f85 0903 

  0x00000281c241d178: ;   {oop(a 'java/security/ProtectionDomain$JavaSecurityAccessImpl'{0x0000000701c4f7a0})}
  0x00000281c241d178: 0000 48ba | a0f7 c401 | 0700 0000 

  0x00000281c241d184: ;   {metadata(method data for {method} {0x000002821a05e370} 'dispatchEvent' '(Ljava/awt/AWTEvent;)V' in 'java/awt/EventQueue')}
  0x00000281c241d184: 49b8 58dd | f31a 8202 

  0x00000281c241d18c: ;   {metadata('java/security/ProtectionDomain$JavaSecurityAccessImpl')}
  0x00000281c241d18c: 0000 49ba | c02b 23d9 | 8102 0000 | 4d89 90d0 | 0100 0049 | 8380 d801 

  0x00000281c241d1a4: ;   {metadata(method data for {method} {0x00000281d92331c0} 'doIntersectionPrivilege' '(Ljava/security/PrivilegedAction;Ljava/security/AccessControlContext;Ljava/security/AccessControlContext;)Ljava/lang/Object;' in 'java/security/ProtectionDomain$JavaSecurityAccessImpl')}
  0x00000281c241d1a4: 0000 0148 | ba40 69f3 | 1a82 0200 | 0044 8b82 | cc00 0000 | 4183 c002 | 4489 82cc | 0000 0041 
  0x00000281c241d1c4: 81e0 feff | 1f00 4585 | c00f 84c9 

  0x00000281c241d1d0: ;   {metadata(method data for {method} {0x00000281d92331c0} 'doIntersectionPrivilege' '(Ljava/security/PrivilegedAction;Ljava/security/AccessControlContext;Ljava/security/AccessControlContext;)Ljava/lang/Object;' in 'java/security/ProtectionDomain$JavaSecurityAccessImpl')}
  0x00000281c241d1d0: 0900 0048 | ba40 69f3 | 1a82 0200 | 00ff 8218 

  0x00000281c241d1e0: ;   {metadata(method data for {method} {0x00000281d92331c0} 'doIntersectionPrivilege' '(Ljava/security/PrivilegedAction;Ljava/security/AccessControlContext;Ljava/security/AccessControlContext;)Ljava/lang/Object;' in 'java/security/ProtectionDomain$JavaSecurityAccessImpl')}
  0x00000281c241d1e0: 0100 0048 | ba40 69f3 | 1a82 0200 | 0048 8382 | 4801 0000 | 0148 8bd3 | 4c8b 8424 | 0801 0000 
  0x00000281c241d200: 0f1f 8000 

  0x00000281c241d204: ;   {static_call}
  0x00000281c241d204: 0000 00e8 

  0x00000281c241d208: ; ImmutableOopMap {[248]=Oop }
                      ;*invokestatic getCombinedACC {reexecute=0 rethrow=0 return_oop=0}
                      ; - java.security.ProtectionDomain$JavaSecurityAccessImpl::doIntersectionPrivilege@15 (line 89)
                      ; - java.awt.EventQueue::dispatchEvent@46 (line 742)
  0x00000281c241d208: 5492 ffff 

  0x00000281c241d20c: ;   {other}
  0x00000281c241d20c: 0f1f 8400 | 0407 0002 

  0x00000281c241d214: ;   {metadata(method data for {method} {0x00000281d92331c0} 'doIntersectionPrivilege' '(Ljava/security/PrivilegedAction;Ljava/security/AccessControlContext;Ljava/security/AccessControlContext;)Ljava/lang/Object;' in 'java/security/ProtectionDomain$JavaSecurityAccessImpl')}
  0x00000281c241d214: 48be 4069 | f31a 8202 | 0000 4883 | 8658 0100 

  0x00000281c241d224: ;   {metadata(method data for {method} {0x00000281d949ac98} 'doPrivileged' '(Ljava/security/PrivilegedAction;Ljava/security/AccessControlContext;)Ljava/lang/Object;' in 'java/security/AccessController')}
  0x00000281c241d224: 0001 48be | b067 f31a | 8202 0000 | 8bbe cc00 | 0000 83c7 | 0289 becc | 0000 0081 | e7fe ff1f 
  0x00000281c241d244: 0085 ff0f | 8470 0900 

  0x00000281c241d24c: ;   {metadata(method data for {method} {0x00000281d949ac98} 'doPrivileged' '(Ljava/security/PrivilegedAction;Ljava/security/AccessControlContext;)Ljava/lang/Object;' in 'java/security/AccessController')}
  0x00000281c241d24c: 0048 beb0 | 67f3 1a82 | 0200 0048 | 8386 1801 | 0000 0148 | 8984 2410 

  0x00000281c241d264: ;   {static_call}
  0x00000281c241d264: 0100 00e8 

  0x00000281c241d268: ; ImmutableOopMap {[248]=Oop [272]=Oop }
                      ;*invokestatic getCallerClass {reexecute=0 rethrow=0 return_oop=0}
                      ; - java.security.AccessController::doPrivileged@0 (line 398)
                      ; - java.security.ProtectionDomain$JavaSecurityAccessImpl::doIntersectionPrivilege@18 (line 87)
                      ; - java.awt.EventQueue::dispatchEvent@46 (line 742)
  0x00000281c241d268: c478 6607 

  0x00000281c241d26c: ;   {other}
  0x00000281c241d26c: 0f1f 8400 | 6407 0003 | 4889 8424 | 1801 0000 

  0x00000281c241d27c: ;   {metadata(method data for {method} {0x00000281d949ac98} 'doPrivileged' '(Ljava/security/PrivilegedAction;Ljava/security/AccessControlContext;)Ljava/lang/Object;' in 'java/security/AccessController')}
  0x00000281c241d27c: 48ba b067 | f31a 8202 | 0000 4883 | 8228 0100 | 0001 488b | 9424 1001 | 0000 4c8b | c066 0f1f 
  0x00000281c241d29c: ;   {static_call}
  0x00000281c241d29c: 4400 00e8 

  0x00000281c241d2a0: ; ImmutableOopMap {[248]=Oop [280]=Oop }
                      ;*invokestatic checkContext {reexecute=0 rethrow=0 return_oop=0}
                      ; - java.security.AccessController::doPrivileged@6 (line 399)
                      ; - java.security.ProtectionDomain$JavaSecurityAccessImpl::doIntersectionPrivilege@18 (line 87)
                      ; - java.awt.EventQueue::dispatchEvent@46 (line 742)
  0x00000281c241d2a0: fc7f ffff 

  0x00000281c241d2a4: ;   {other}
  0x00000281c241d2a4: 0f1f 8400 | 9c07 0004 | 4889 8424 | 2001 0000 

  0x00000281c241d2b4: ;   {metadata(method data for {method} {0x00000281d949ac98} 'doPrivileged' '(Ljava/security/PrivilegedAction;Ljava/security/AccessControlContext;)Ljava/lang/Object;' in 'java/security/AccessController')}
  0x00000281c241d2b4: 48ba b067 | f31a 8202 | 0000 4883 | 8238 0100 

  0x00000281c241d2c4: ;   {metadata(method data for {method} {0x00000281d949af20} 'executePrivileged' '(Ljava/security/PrivilegedAction;Ljava/security/AccessControlContext;Ljava/lang/Class;)Ljava/lang/Object;' in 'java/security/AccessController')}
  0x00000281c241d2c4: 0001 48ba | 488a 081a | 8202 0000 | 8bb2 cc00 | 0000 83c6 | 0289 b2cc | 0000 0081 | e6fe ff1f 
  0x00000281c241d2e4: 0085 f60f | 84f1 0800 | 0048 85c0 

  0x00000281c241d2f0: ;   {metadata(method data for {method} {0x00000281d949af20} 'executePrivileged' '(Ljava/security/PrivilegedAction;Ljava/security/AccessControlContext;Ljava/lang/Class;)Ljava/lang/Object;' in 'java/security/AccessController')}
  0x00000281c241d2f0: 48ba 488a | 081a 8202 | 0000 be18 | 0100 0074 | 05be 2801 | 0000 488b | 3c32 488d | 7f01 4889 
  0x00000281c241d310: 3c32 0f84 | 2400 0000 

  0x00000281c241d318: ;   {metadata(method data for {method} {0x00000281d949af20} 'executePrivileged' '(Ljava/security/PrivilegedAction;Ljava/security/AccessControlContext;Ljava/lang/Class;)Ljava/lang/Object;' in 'java/security/AccessController')}
  0x00000281c241d318: 48ba 488a | 081a 8202 | 0000 4883 | 8238 0100 | 0001 488b 

  0x00000281c241d32c: ;   {static_call}
  0x00000281c241d32c: d066 90e8 

  0x00000281c241d330: ; ImmutableOopMap {[248]=Oop [280]=Oop [288]=Oop }
                      ;*invokestatic ensureMaterializedForStackWalk {reexecute=0 rethrow=0 return_oop=0}
                      ; - java.security.AccessController::executePrivileged@5 (line 774)
                      ; - java.security.AccessController::doPrivileged@13 (line 400)
                      ; - java.security.ProtectionDomain$JavaSecurityAccessImpl::doIntersectionPrivilege@18 (line 87)
                      ; - java.awt.EventQueue::dispatchEvent@46 (line 742)
  0x00000281c241d330: fcff 6607 

  0x00000281c241d334: ;   {other}
  0x00000281c241d334: 0f1f 8400 | 2c08 0005 

  0x00000281c241d33c: ;   {metadata(method data for {method} {0x00000281d949af20} 'executePrivileged' '(Ljava/security/PrivilegedAction;Ljava/security/AccessControlContext;Ljava/lang/Class;)Ljava/lang/Object;' in 'java/security/AccessController')}
  0x00000281c241d33c: 48ba 488a | 081a 8202 | 0000 ff82 | 4801 0000 | 488b 8424 | f800 0000 

  0x00000281c241d354: ;   {metadata(method data for {method} {0x00000281d949af20} 'executePrivileged' '(Ljava/security/PrivilegedAction;Ljava/security/AccessControlContext;Ljava/lang/Class;)Ljava/lang/Object;' in 'java/security/AccessController')}
  0x00000281c241d354: 48ba 488a | 081a 8202 

  0x00000281c241d35c: ;   {metadata(method data for {method} {0x000002821a1f3230} 'run' '()Ljava/lang/Object;' in 'java/awt/EventQueue$4')}
  0x00000281c241d35c: 0000 48ba | 98e6 f31a | 8202 0000 | 8bb2 cc00 | 0000 83c6 | 0289 b2cc | 0000 0081 | e6fe ff1f 
  0x00000281c241d37c: 0085 f60f | 847a 0800 | 0048 8b84 | 24f8 0000 

  0x00000281c241d38c: ;   {metadata(method data for {method} {0x000002821a1f3230} 'run' '()Ljava/lang/Object;' in 'java/awt/EventQueue$4')}
  0x00000281c241d38c: 0048 ba98 | e6f3 1a82 

  0x00000281c241d394: ;   {metadata('java/awt/EventQueue$4')}
  0x00000281c241d394: 0200 0049 | ba58 0607 | da81 0200 | 004c 8992 | 2001 0000 | 4883 8228 | 0100 0001 | 488b 9424 
  0x00000281c241d3b4: f800 0000 | 0f1f 8000 

  0x00000281c241d3bc: ;   {optimized virtual_call}
  0x00000281c241d3bc: 0000 00e8 

  0x00000281c241d3c0: ; ImmutableOopMap {[280]=Oop [288]=Oop }
                      ;*invokevirtual run {reexecute=0 rethrow=0 return_oop=0}
                      ; - java.awt.EventQueue$4::run@1 (line 714)
                      ; - java.security.AccessController::executePrivileged@29 (line 778)
                      ; - java.security.AccessController::doPrivileged@13 (line 400)
                      ; - java.security.ProtectionDomain$JavaSecurityAccessImpl::doIntersectionPrivilege@18 (line 87)
                      ; - java.awt.EventQueue::dispatchEvent@46 (line 742)
  0x00000281c241d3c0: e90a 0000 

  0x00000281c241d3c4: ;   {other}
  0x00000281c241d3c4: 0f1f 8400 | bc08 0006 

  0x00000281c241d3cc: ;   {metadata(method data for {method} {0x00000281d949af20} 'executePrivileged' '(Ljava/security/PrivilegedAction;Ljava/security/AccessControlContext;Ljava/lang/Class;)Ljava/lang/Object;' in 'java/security/AccessController')}
  0x00000281c241d3cc: 48ba 488a | 081a 8202 | 0000 ff82 | d801 0000 

  0x00000281c241d3dc: ;   {metadata(method data for {method} {0x00000281d949af20} 'executePrivileged' '(Ljava/security/PrivilegedAction;Ljava/security/AccessControlContext;Ljava/lang/Class;)Ljava/lang/Object;' in 'java/security/AccessController')}
  0x00000281c241d3dc: 48ba 488a | 081a 8202 | 0000 4883 | 8238 0200 | 0001 488b | d048 8984 | 2428 0100 | 0066 0f1f 
  0x00000281c241d3fc: ;   {static_call}
  0x00000281c241d3fc: 4400 00e8 

  0x00000281c241d400: ; ImmutableOopMap {[280]=Oop [288]=Oop [296]=Oop }
                      ;*invokestatic ensureMaterializedForStackWalk {reexecute=0 rethrow=0 return_oop=0}
                      ; - java.security.AccessController::executePrivileged@56 (line 786)
                      ; - java.security.AccessController::doPrivileged@13 (line 400)
                      ; - java.security.ProtectionDomain$JavaSecurityAccessImpl::doIntersectionPrivilege@18 (line 87)
                      ; - java.awt.EventQueue::dispatchEvent@46 (line 742)
  0x00000281c241d400: 2cff 6607 

  0x00000281c241d404: ;   {other}
  0x00000281c241d404: 0f1f 8400 | fc08 0007 

  0x00000281c241d40c: ;   {metadata(method data for {method} {0x00000281d949af20} 'executePrivileged' '(Ljava/security/PrivilegedAction;Ljava/security/AccessControlContext;Ljava/lang/Class;)Ljava/lang/Object;' in 'java/security/AccessController')}
  0x00000281c241d40c: 48ba 488a | 081a 8202 | 0000 4883 | 8248 0200 

  0x00000281c241d41c: ;   {metadata(method data for {method} {0x00000281d91956f0} 'reachabilityFence' '(Ljava/lang/Object;)V' in 'java/lang/ref/Reference')}
  0x00000281c241d41c: 0001 48ba | 008d 081a | 8202 0000 | 8bb2 cc00 | 0000 83c6 | 0289 b2cc | 0000 0081 | e6fe ff1f 
  0x00000281c241d43c: 0085 f60f | 84db 0700 

  0x00000281c241d444: ;   {metadata(method data for {method} {0x00000281d949af20} 'executePrivileged' '(Ljava/security/PrivilegedAction;Ljava/security/AccessControlContext;Ljava/lang/Class;)Ljava/lang/Object;' in 'java/security/AccessController')}
  0x00000281c241d444: 0048 ba48 | 8a08 1a82 | 0200 0048 | 8382 5802 

  0x00000281c241d454: ;   {metadata(method data for {method} {0x00000281d91956f0} 'reachabilityFence' '(Ljava/lang/Object;)V' in 'java/lang/ref/Reference')}
  0x00000281c241d454: 0000 0148 | ba00 8d08 | 1a82 0200 | 008b b2cc | 0000 0083 | c602 89b2 | cc00 0000 | 81e6 feff 
  0x00000281c241d474: 1f00 85f6 | 0f84 c307 | 0000 e957 | 0500 004c | 8bc8 488b | 8424 f800 

  0x00000281c241d48c: ;   {metadata('java/awt/EventQueue$5')}
  0x00000281c241d48c: 0000 48ba | a072 24da | 8102 0000 | 4c8b d849 | 8b87 b801 | 0000 488d | 7818 493b | bfc8 0100 
  0x00000281c241d4ac: 000f 87af | 0700 0049 | 89bf b801 | 0000 48c7 | 0001 0000 | 0048 8bca | 49ba 0000 | 00d9 8102 
  0x00000281c241d4cc: 0000 492b | ca89 4808 | 4833 c989 | 480c 4833 | c948 8948 | 1048 8bd0 

  0x00000281c241d4e4: ;   {metadata(method data for {method} {0x000002821a05e370} 'dispatchEvent' '(Ljava/awt/AWTEvent;)V' in 'java/awt/EventQueue')}
  0x00000281c241d4e4: 49b8 58dd | f31a 8202 | 0000 4983 | 8010 0200 

  0x00000281c241d4f4: ;   {metadata(method data for {method} {0x000002821ace8720} '<init>' '(Ljava/awt/EventQueue;Ljava/security/PrivilegedAction;Ljava/security/AccessControlContext;)V' in 'java/awt/EventQueue$5')}
  0x00000281c241d4f4: 0001 48ba | 70ea f31a | 8202 0000 | 448b 82cc | 0000 0041 | 83c0 0244 | 8982 cc00 | 0000 4181 
  0x00000281c241d514: e0fe ff1f | 0045 85c0 | 0f84 4d07 | 0000 410f | be57 3885 | d20f 8561 | 0700 004d | 8bd3 49c1 
  0x00000281c241d534: ea03 4489 | 500c 488b | d049 33d3 | 48c1 ea15 | 4883 fa00 | 0f85 6107 | 0000 410f | be57 3885 
  0x00000281c241d554: d20f 856c | 0700 004c | 8bd3 49c1 | ea03 4489 | 5010 488b | d048 33d3 | 48c1 ea15 | 4883 fa00 
  0x00000281c241d574: 0f85 6c07 | 0000 488b 

  0x00000281c241d57c: ;   {metadata(method data for {method} {0x000002821ace8720} '<init>' '(Ljava/awt/EventQueue;Ljava/security/PrivilegedAction;Ljava/security/AccessControlContext;)V' in 'java/awt/EventQueue$5')}
  0x00000281c241d57c: d049 b870 | eaf3 1a82 | 0200 0049 | 8380 1801 

  0x00000281c241d58c: ;   {metadata(method data for {method} {0x00000281d949d358} '<init>' '()V' in 'java/lang/Object')}
  0x00000281c241d58c: 0000 0148 | ba90 6800 | 1a82 0200 | 0044 8b82 | cc00 0000 | 4183 c002 | 4489 82cc | 0000 0041 
  0x00000281c241d5ac: 81e0 feff | 1f00 4585 | c00f 8443 

  0x00000281c241d5b8: ;   {oop(a 'java/security/ProtectionDomain$JavaSecurityAccessImpl'{0x0000000701c4f7a0})}
  0x00000281c241d5b8: 0700 0048 | baa0 f7c4 | 0107 0000 

  0x00000281c241d5c4: ;   {metadata(method data for {method} {0x000002821a05e370} 'dispatchEvent' '(Ljava/awt/AWTEvent;)V' in 'java/awt/EventQueue')}
  0x00000281c241d5c4: 0049 b858 | ddf3 1a82 

  0x00000281c241d5cc: ;   {metadata('java/security/ProtectionDomain$JavaSecurityAccessImpl')}
  0x00000281c241d5cc: 0200 0049 | bac0 2b23 | d981 0200 | 004d 8990 | 2802 0000 | 4983 8030 | 0200 0001 

  0x00000281c241d5e8: ;   {metadata(method data for {method} {0x00000281d92331c0} 'doIntersectionPrivilege' '(Ljava/security/PrivilegedAction;Ljava/security/AccessControlContext;Ljava/security/AccessControlContext;)Ljava/lang/Object;' in 'java/security/ProtectionDomain$JavaSecurityAccessImpl')}
  0x00000281c241d5e8: 48ba 4069 | f31a 8202 | 0000 448b | 82cc 0000 | 0041 83c0 | 0244 8982 | cc00 0000 | 4181 e0fe 
  0x00000281c241d608: ff1f 0045 | 85c0 0f84 | 0b07 0000 

  0x00000281c241d614: ;   {metadata(method data for {method} {0x00000281d92331c0} 'doIntersectionPrivilege' '(Ljava/security/PrivilegedAction;Ljava/security/AccessControlContext;Ljava/security/AccessControlContext;)Ljava/lang/Object;' in 'java/security/ProtectionDomain$JavaSecurityAccessImpl')}
  0x00000281c241d614: 48ba 4069 | f31a 8202 | 0000 ff82 | 1801 0000 | 4889 8424 | 3001 0000 

  0x00000281c241d62c: ;   {metadata(method data for {method} {0x00000281d92331c0} 'doIntersectionPrivilege' '(Ljava/security/PrivilegedAction;Ljava/security/AccessControlContext;Ljava/security/AccessControlContext;)Ljava/lang/Object;' in 'java/security/ProtectionDomain$JavaSecurityAccessImpl')}
  0x00000281c241d62c: 48ba 4069 | f31a 8202 | 0000 4883 | 8248 0100 | 0001 498b | d14c 8b84 | 2408 0100 | 0066 0f1f 
  0x00000281c241d64c: ;   {static_call}
  0x00000281c241d64c: 4400 00e8 

  0x00000281c241d650: ; ImmutableOopMap {[304]=Oop }
                      ;*invokestatic getCombinedACC {reexecute=0 rethrow=0 return_oop=0}
                      ; - java.security.ProtectionDomain$JavaSecurityAccessImpl::doIntersectionPrivilege@15 (line 89)
                      ; - java.awt.EventQueue::dispatchEvent@73 (line 744)
  0x00000281c241d650: 0c8e ffff 

  0x00000281c241d654: ;   {other}
  0x00000281c241d654: 0f1f 8400 | 4c0b 0008 

  0x00000281c241d65c: ;   {metadata(method data for {method} {0x00000281d92331c0} 'doIntersectionPrivilege' '(Ljava/security/PrivilegedAction;Ljava/security/AccessControlContext;Ljava/security/AccessControlContext;)Ljava/lang/Object;' in 'java/security/ProtectionDomain$JavaSecurityAccessImpl')}
  0x00000281c241d65c: 48be 4069 | f31a 8202 | 0000 4883 | 8658 0100 

  0x00000281c241d66c: ;   {metadata(method data for {method} {0x00000281d949ac98} 'doPrivileged' '(Ljava/security/PrivilegedAction;Ljava/security/AccessControlContext;)Ljava/lang/Object;' in 'java/security/AccessController')}
  0x00000281c241d66c: 0001 48be | b067 f31a | 8202 0000 | 8bbe cc00 | 0000 83c7 | 0289 becc | 0000 0081 | e7fe ff1f 
  0x00000281c241d68c: 0085 ff0f | 84ab 0600 

  0x00000281c241d694: ;   {metadata(method data for {method} {0x00000281d949ac98} 'doPrivileged' '(Ljava/security/PrivilegedAction;Ljava/security/AccessControlContext;)Ljava/lang/Object;' in 'java/security/AccessController')}
  0x00000281c241d694: 0048 beb0 | 67f3 1a82 | 0200 0048 | 8386 1801 | 0000 0148 | 8984 2438 

  0x00000281c241d6ac: ;   {static_call}
  0x00000281c241d6ac: 0100 00e8 

  0x00000281c241d6b0: ; ImmutableOopMap {[304]=Oop [312]=Oop }
                      ;*invokestatic getCallerClass {reexecute=0 rethrow=0 return_oop=0}
                      ; - java.security.AccessController::doPrivileged@0 (line 398)
                      ; - java.security.ProtectionDomain$JavaSecurityAccessImpl::doIntersectionPrivilege@18 (line 87)
                      ; - java.awt.EventQueue::dispatchEvent@73 (line 744)
  0x00000281c241d6b0: 7c74 6607 

  0x00000281c241d6b4: ;   {other}
  0x00000281c241d6b4: 0f1f 8400 | ac0b 0009 | 4889 8424 | 4001 0000 

  0x00000281c241d6c4: ;   {metadata(method data for {method} {0x00000281d949ac98} 'doPrivileged' '(Ljava/security/PrivilegedAction;Ljava/security/AccessControlContext;)Ljava/lang/Object;' in 'java/security/AccessController')}
  0x00000281c241d6c4: 48ba b067 | f31a 8202 | 0000 4883 | 8228 0100 | 0001 488b | 9424 3801 | 0000 4c8b | c066 0f1f 
  0x00000281c241d6e4: ;   {static_call}
  0x00000281c241d6e4: 4400 00e8 

  0x00000281c241d6e8: ; ImmutableOopMap {[304]=Oop [320]=Oop }
                      ;*invokestatic checkContext {reexecute=0 rethrow=0 return_oop=0}
                      ; - java.security.AccessController::doPrivileged@6 (line 399)
                      ; - java.security.ProtectionDomain$JavaSecurityAccessImpl::doIntersectionPrivilege@18 (line 87)
                      ; - java.awt.EventQueue::dispatchEvent@73 (line 744)
  0x00000281c241d6e8: b47b ffff 

  0x00000281c241d6ec: ;   {other}
  0x00000281c241d6ec: 0f1f 8400 | e40b 000a | 4889 8424 | 4801 0000 

  0x00000281c241d6fc: ;   {metadata(method data for {method} {0x00000281d949ac98} 'doPrivileged' '(Ljava/security/PrivilegedAction;Ljava/security/AccessControlContext;)Ljava/lang/Object;' in 'java/security/AccessController')}
  0x00000281c241d6fc: 48ba b067 | f31a 8202 | 0000 4883 | 8238 0100 

  0x00000281c241d70c: ;   {metadata(method data for {method} {0x00000281d949af20} 'executePrivileged' '(Ljava/security/PrivilegedAction;Ljava/security/AccessControlContext;Ljava/lang/Class;)Ljava/lang/Object;' in 'java/security/AccessController')}
  0x00000281c241d70c: 0001 48ba | 488a 081a | 8202 0000 | 8bb2 cc00 | 0000 83c6 | 0289 b2cc | 0000 0081 | e6fe ff1f 
  0x00000281c241d72c: 0085 f60f | 842c 0600 | 0048 85c0 

  0x00000281c241d738: ;   {metadata(method data for {method} {0x00000281d949af20} 'executePrivileged' '(Ljava/security/PrivilegedAction;Ljava/security/AccessControlContext;Ljava/lang/Class;)Ljava/lang/Object;' in 'java/security/AccessController')}
  0x00000281c241d738: 48ba 488a | 081a 8202 | 0000 be18 | 0100 0074 | 05be 2801 | 0000 488b | 3c32 488d | 7f01 4889 
  0x00000281c241d758: 3c32 0f84 | 2400 0000 

  0x00000281c241d760: ;   {metadata(method data for {method} {0x00000281d949af20} 'executePrivileged' '(Ljava/security/PrivilegedAction;Ljava/security/AccessControlContext;Ljava/lang/Class;)Ljava/lang/Object;' in 'java/security/AccessController')}
  0x00000281c241d760: 48ba 488a | 081a 8202 | 0000 4883 | 8238 0100 | 0001 488b 

  0x00000281c241d774: ;   {static_call}
  0x00000281c241d774: d066 90e8 

  0x00000281c241d778: ; ImmutableOopMap {[304]=Oop [320]=Oop [328]=Oop }
                      ;*invokestatic ensureMaterializedForStackWalk {reexecute=0 rethrow=0 return_oop=0}
                      ; - java.security.AccessController::executePrivileged@5 (line 774)
                      ; - java.security.AccessController::doPrivileged@13 (line 400)
                      ; - java.security.ProtectionDomain$JavaSecurityAccessImpl::doIntersectionPrivilege@18 (line 87)
                      ; - java.awt.EventQueue::dispatchEvent@73 (line 744)
  0x00000281c241d778: b4fb 6607 

  0x00000281c241d77c: ;   {other}
  0x00000281c241d77c: 0f1f 8400 | 740c 000b 

  0x00000281c241d784: ;   {metadata(method data for {method} {0x00000281d949af20} 'executePrivileged' '(Ljava/security/PrivilegedAction;Ljava/security/AccessControlContext;Ljava/lang/Class;)Ljava/lang/Object;' in 'java/security/AccessController')}
  0x00000281c241d784: 48be 488a | 081a 8202 | 0000 ff86 | 4801 0000 | 488b 8424 | 3001 0000 

  0x00000281c241d79c: ;   {metadata(method data for {method} {0x00000281d949af20} 'executePrivileged' '(Ljava/security/PrivilegedAction;Ljava/security/AccessControlContext;Ljava/lang/Class;)Ljava/lang/Object;' in 'java/security/AccessController')}
  0x00000281c241d79c: 488b f048 | bf48 8a08 | 1a82 0200 

  0x00000281c241d7a8: ;   {metadata(method data for {method} {0x000002821ace8880} 'run' '()Ljava/lang/Object;' in 'java/awt/EventQueue$5')}
  0x00000281c241d7a8: 0048 bee0 | ebf3 1a82 | 0200 008b | becc 0000 | 0083 c702 | 89be cc00 | 0000 81e7 | feff 1f00 
  0x00000281c241d7c8: 85ff 0f84 | b205 0000 

  0x00000281c241d7d0: ;   {metadata(method data for {method} {0x000002821ace8880} 'run' '()Ljava/lang/Object;' in 'java/awt/EventQueue$5')}
  0x00000281c241d7d0: 488b f048 | bfe0 ebf3 | 1a82 0200 

  0x00000281c241d7dc: ;   {metadata('java/awt/EventQueue$5')}
  0x00000281c241d7dc: 0049 baa0 | 7224 da81 | 0200 004c | 8997 2001 | 0000 4883 | 8728 0100 

  0x00000281c241d7f4: ;   {metadata(method data for {method} {0x000002821ace87d8} 'run' '()Ljava/lang/Void;' in 'java/awt/EventQueue$5')}
  0x00000281c241d7f4: 0001 48be | 68ed f31a | 8202 0000 | 8bbe cc00 | 0000 83c7 | 0289 becc | 0000 0081 | e7fe ff1f 
  0x00000281c241d814: 0085 ff0f | 8486 0500 | 008b 700c | 48c1 e603 | 8b78 1048 

  0x00000281c241d828: ;   {oop(a 'java/security/ProtectionDomain$JavaSecurityAccessImpl'{0x0000000701c4f7a0})}
  0x00000281c241d828: c1e7 0348 | bba0 f7c4 | 0107 0000 | 0048 8bc3 

  0x00000281c241d838: ;   {metadata(method data for {method} {0x000002821ace87d8} 'run' '()Ljava/lang/Void;' in 'java/awt/EventQueue$5')}
  0x00000281c241d838: 48ba 68ed | f31a 8202 

  0x00000281c241d840: ;   {metadata('java/security/ProtectionDomain$JavaSecurityAccessImpl')}
  0x00000281c241d840: 0000 49ba | c02b 23d9 | 8102 0000 | 4c89 9220 | 0100 0048 | 8382 2801 

  0x00000281c241d858: ;   {metadata(method data for {method} {0x00000281d92332a0} 'doIntersectionPrivilege' '(Ljava/security/PrivilegedAction;Ljava/security/AccessControlContext;)Ljava/lang/Object;' in 'java/security/ProtectionDomain$JavaSecurityAccessImpl')}
  0x00000281c241d858: 0000 0148 | b8f0 eef3 | 1a82 0200 | 008b 90cc | 0000 0083 | c202 8990 | cc00 0000 | 81e2 feff 
  0x00000281c241d878: 1f00 85d2 | 0f84 4205 

  0x00000281c241d880: ;   {metadata(method data for {method} {0x00000281d92332a0} 'doIntersectionPrivilege' '(Ljava/security/PrivilegedAction;Ljava/security/AccessControlContext;)Ljava/lang/Object;' in 'java/security/ProtectionDomain$JavaSecurityAccessImpl')}
  0x00000281c241d880: 0000 48b8 | f0ee f31a | 8202 0000 | 4883 8018 | 0100 0001 | 4889 bc24 | 6001 0000 | 4889 b424 
  0x00000281c241d8a0: 5801 0000 | 4889 9c24 | 5001 0000 

  0x00000281c241d8ac: ;   {static_call}
  0x00000281c241d8ac: 6666 90e8 

  0x00000281c241d8b0: ; ImmutableOopMap {[320]=Oop [328]=Oop [336]=Oop [344]=Oop [352]=Oop }
                      ;*invokestatic getContext {reexecute=0 rethrow=0 return_oop=0}
                      ; - java.security.ProtectionDomain$JavaSecurityAccessImpl::doIntersectionPrivilege@2 (line 99)
                      ; - java.awt.EventQueue$5::run@11 (line 747)
                      ; - java.awt.EventQueue$5::run@1 (line 745)
                      ; - java.security.AccessController::executePrivileged@29 (line 778)
                      ; - java.security.AccessController::doPrivileged@13 (line 400)
                      ; - java.security.ProtectionDomain$JavaSecurityAccessImpl::doIntersectionPrivilege@18 (line 87)
                      ; - java.awt.EventQueue::dispatchEvent@73 (line 744)
  0x00000281c241d8b0: 2c68 dfff 

  0x00000281c241d8b4: ;   {other}
  0x00000281c241d8b4: 0f1f 8400 | ac0d 000c | 488b 9c24 | 5001 0000 

  0x00000281c241d8c4: ;   {metadata(method data for {method} {0x00000281d92332a0} 'doIntersectionPrivilege' '(Ljava/security/PrivilegedAction;Ljava/security/AccessControlContext;)Ljava/lang/Object;' in 'java/security/ProtectionDomain$JavaSecurityAccessImpl')}
  0x00000281c241d8c4: 49b8 f0ee | f31a 8202 

  0x00000281c241d8cc: ;   {metadata('java/security/ProtectionDomain$JavaSecurityAccessImpl')}
  0x00000281c241d8cc: 0000 49ba | c02b 23d9 | 8102 0000 | 4d89 9030 | 0100 0049 | 8380 3801 | 0000 014c | 8b84 2458 
  0x00000281c241d8ec: 0100 004c | 8bc8 488b | bc24 6001 | 0000 488b | 9424 5001 | 0000 0f1f 

  0x00000281c241d904: ;   {optimized virtual_call}
  0x00000281c241d904: 4400 00e8 

  0x00000281c241d908: ; ImmutableOopMap {[320]=Oop [328]=Oop }
                      ;*invokevirtual doIntersectionPrivilege {reexecute=0 rethrow=0 return_oop=0}
                      ; - java.security.ProtectionDomain$JavaSecurityAccessImpl::doIntersectionPrivilege@6 (line 98)
                      ; - java.awt.EventQueue$5::run@11 (line 747)
                      ; - java.awt.EventQueue$5::run@1 (line 745)
                      ; - java.security.AccessController::executePrivileged@29 (line 778)
                      ; - java.security.AccessController::doPrivileged@13 (line 400)
                      ; - java.security.ProtectionDomain$JavaSecurityAccessImpl::doIntersectionPrivilege@18 (line 87)
                      ; - java.awt.EventQueue::dispatchEvent@73 (line 744)
  0x00000281c241d908: d483 ffff 

  0x00000281c241d90c: ;   {other}
  0x00000281c241d90c: 0f1f 8400 | 040e 000d 

  0x00000281c241d914: ;   {metadata(method data for {method} {0x00000281d949af20} 'executePrivileged' '(Ljava/security/PrivilegedAction;Ljava/security/AccessControlContext;Ljava/lang/Class;)Ljava/lang/Object;' in 'java/security/AccessController')}
  0x00000281c241d914: 48ba 488a | 081a 8202 | 0000 ff82 | d801 0000 

  0x00000281c241d924: ;   {metadata(method data for {method} {0x00000281d949af20} 'executePrivileged' '(Ljava/security/PrivilegedAction;Ljava/security/AccessControlContext;Ljava/lang/Class;)Ljava/lang/Object;' in 'java/security/AccessController')}
  0x00000281c241d924: 48ba 488a | 081a 8202 | 0000 4883 | 8238 0200 

  0x00000281c241d934: ;   {oop(nullptr)}
  0x00000281c241d934: 0001 48ba | 0000 0000 | 0000 0000 | 0f1f 8000 

  0x00000281c241d944: ;   {static_call}
  0x00000281c241d944: 0000 00e8 

  0x00000281c241d948: ; ImmutableOopMap {[320]=Oop [328]=Oop }
                      ;*invokestatic ensureMaterializedForStackWalk {reexecute=0 rethrow=0 return_oop=0}
                      ; - java.security.AccessController::executePrivileged@56 (line 786)
                      ; - java.security.AccessController::doPrivileged@13 (line 400)
                      ; - java.security.ProtectionDomain$JavaSecurityAccessImpl::doIntersectionPrivilege@18 (line 87)
                      ; - java.awt.EventQueue::dispatchEvent@73 (line 744)
  0x00000281c241d948: e4f9 6607 

  0x00000281c241d94c: ;   {other}
  0x00000281c241d94c: 0f1f 8400 | 440e 000e 

  0x00000281c241d954: ;   {metadata(method data for {method} {0x00000281d949af20} 'executePrivileged' '(Ljava/security/PrivilegedAction;Ljava/security/AccessControlContext;Ljava/lang/Class;)Ljava/lang/Object;' in 'java/security/AccessController')}
  0x00000281c241d954: 48ba 488a | 081a 8202 | 0000 4883 | 8248 0200 

  0x00000281c241d964: ;   {metadata(method data for {method} {0x00000281d91956f0} 'reachabilityFence' '(Ljava/lang/Object;)V' in 'java/lang/ref/Reference')}
  0x00000281c241d964: 0001 48ba | 008d 081a | 8202 0000 | 8b82 cc00 | 0000 83c0 | 0289 82cc | 0000 0025 | feff 1f00 
  0x00000281c241d984: 85c0 0f84 | 5904 0000 

  0x00000281c241d98c: ;   {metadata(method data for {method} {0x00000281d949af20} 'executePrivileged' '(Ljava/security/PrivilegedAction;Ljava/security/AccessControlContext;Ljava/lang/Class;)Ljava/lang/Object;' in 'java/security/AccessController')}
  0x00000281c241d98c: 48ba 488a | 081a 8202 | 0000 4883 | 8258 0200 

  0x00000281c241d99c: ;   {metadata(method data for {method} {0x00000281d91956f0} 'reachabilityFence' '(Ljava/lang/Object;)V' in 'java/lang/ref/Reference')}
  0x00000281c241d99c: 0001 48ba | 008d 081a | 8202 0000 | 8b82 cc00 | 0000 83c0 | 0289 82cc | 0000 0025 | feff 1f00 
  0x00000281c241d9bc: 85c0 0f84 | 4204 0000 | 4881 c480 | 0100 005d 

  0x00000281c241d9cc: ;   {poll_return}
  0x00000281c241d9cc: 493b a748 | 0400 000f | 874e 0400 

  0x00000281c241d9d8: ;   {metadata(method data for {method} {0x000002821a05e370} 'dispatchEvent' '(Ljava/awt/AWTEvent;)V' in 'java/awt/EventQueue')}
  0x00000281c241d9d8: 00c3 48ba | 58dd f31a | 8202 0000 | ff82 f801 | 0000 4881 | c480 0100 

  0x00000281c241d9f0: ;   {poll_return}
  0x00000281c241d9f0: 005d 493b | a748 0400 | 000f 873e | 0400 00c3 | 4889 8424 | 7001 0000 

  0x00000281c241da08: ;   {no_reloc}
  0x00000281c241da08: e955 0400 | 0000 0000 | 0000 e955 | 0400 004c 

  0x00000281c241da18: ;   {metadata(method data for {method} {0x000002821a177070} 'getAccessControlContext' '()Ljava/security/AccessControlContext;' in 'java/awt/AWTEvent')}
  0x00000281c241da18: 8bc0 48ba | 10e5 f31a | 8202 0000 | 4883 8238 | 0100 0001 

  0x00000281c241da2c: ;   {oop("AWTEvent is missing AccessControlContext"{0x00000007118ec7f8})}
  0x00000281c241da2c: 49b8 f8c7 | 8e11 0700 | 0000 488b | d048 8984 | 2468 0100 | 0066 0f1f 

  0x00000281c241da44: ;   {optimized virtual_call}
  0x00000281c241da44: 4400 00e8 

  0x00000281c241da48: ; ImmutableOopMap {[248]=Oop [256]=Oop [264]=Oop [360]=Oop [368]=Oop }
                      ;*invokespecial <init> {reexecute=0 rethrow=0 return_oop=0}
                      ; - java.awt.AWTEvent::getAccessControlContext@13 (line 128)
                      ; - java.awt.EventQueue::dispatchEvent@28 (line 740)
  0x00000281c241da48: 940d 1007 

  0x00000281c241da4c: ;   {other}
  0x00000281c241da4c: 0f1f 8400 | 440f 000f | 488b 8424 | 6801 0000 | e935 0400 

  0x00000281c241da60: ;   {metadata({method} {0x000002821a05e370} 'dispatchEvent' '(Ljava/awt/AWTEvent;)V' in 'java/awt/EventQueue')}
  0x00000281c241da60: 0049 ba68 | e305 1a82 | 0200 004c | 8954 2408 | 48c7 0424 | ffff ffff 

  0x00000281c241da78: ;   {runtime_call counter_overflow Runtime1 stub}
  0x00000281c241da78: e8e3 ae1c 

  0x00000281c241da7c: ; ImmutableOopMap {rdx=Oop r8=Oop [256]=Oop }
                      ;*synchronization entry
                      ; - java.awt.EventQueue::dispatchEvent@-1 (line 713)
  0x00000281c241da7c: 07e9 ecf3 

  0x00000281c241da80: ;   {runtime_call throw_null_pointer_exception Runtime1 stub}
  0x00000281c241da80: ffff e8d9 

  0x00000281c241da84: ; ImmutableOopMap {r8=Oop rdx=Oop [256]=Oop }
                      ;*invokevirtual getSource {reexecute=0 rethrow=0 return_oop=0}
                      ; - java.awt.EventQueue::dispatchEvent@1 (line 713)
  0x00000281c241da84: 421c 0748 

  0x00000281c241da88: ;   {runtime_call fast_new_instance Runtime1 stub}
  0x00000281c241da88: 8bd2 e851 

  0x00000281c241da8c: ; ImmutableOopMap {r8=Oop rbx=Oop r9=Oop [256]=Oop }
                      ;*new {reexecute=0 rethrow=0 return_oop=0}
                      ; - java.awt.EventQueue::dispatchEvent@5 (line 714)
  0x00000281c241da8c: 591c 07e9 | cbf4 ffff 

  0x00000281c241da94: ;   {metadata({method} {0x000002821a1f3090} '<init>' '(Ljava/awt/EventQueue;Ljava/awt/AWTEvent;Ljava/lang/Object;)V' in 'java/awt/EventQueue$4')}
  0x00000281c241da94: 49ba 8830 | 1f1a 8202 | 0000 4c89 | 5424 0848 | c704 24ff 

  0x00000281c241daa8: ;   {runtime_call counter_overflow Runtime1 stub}
  0x00000281c241daa8: ffff ffe8 

  0x00000281c241daac: ; ImmutableOopMap {r8=Oop rbx=Oop r9=Oop rax=Oop [248]=Oop [256]=Oop }
                      ;*synchronization entry
                      ; - java.awt.EventQueue$4::<init>@-1 (line 714)
                      ; - java.awt.EventQueue::dispatchEvent@12 (line 714)
  0x00000281c241daac: b0ae 1c07 | e9ee f4ff | ff8b 700c | 48c1 e603 | 4883 fe00 | 0f84 eaf4 | ffff 4889 

  0x00000281c241dac8: ;   {runtime_call g1_pre_barrier_slow}
  0x00000281c241dac8: 3424 e891 | b91c 07e9 | dcf4 ffff | 4983 f800 | 0f84 f1f4 | ffff 4889 

  0x00000281c241dae0: ;   {runtime_call g1_post_barrier_slow}
  0x00000281c241dae0: 0424 e879 | bc1c 07e9 | e3f4 ffff | 8b70 1048 | c1e6 0348 | 83fe 000f | 84df f4ff | ff48 8934 
  0x00000281c241db00: ;   {runtime_call g1_pre_barrier_slow}
  0x00000281c241db00: 24e8 5ab9 | 1c07 e9d1 | f4ff ff48 | 83fb 000f | 84e6 f4ff | ff48 8904 

  0x00000281c241db18: ;   {runtime_call g1_post_barrier_slow}
  0x00000281c241db18: 24e8 42bc | 1c07 e9d8 | f4ff ff8b | 7014 48c1 | e603 4883 | fe00 0f84 | d4f4 ffff | 4889 3424 
  0x00000281c241db38: ;   {runtime_call g1_pre_barrier_slow}
  0x00000281c241db38: e823 b91c | 07e9 c6f4 | ffff 4983 | f900 0f84 | dbf4 ffff | 4889 0424 

  0x00000281c241db50: ;   {runtime_call g1_post_barrier_slow}
  0x00000281c241db50: e80b bc1c | 07e9 cdf4 

  0x00000281c241db58: ;   {metadata({method} {0x00000281d949d358} '<init>' '()V' in 'java/lang/Object')}
  0x00000281c241db58: ffff 49ba | 50d3 49d9 | 8102 0000 | 4c89 5424 | 0848 c704 | 24ff ffff 

  0x00000281c241db70: ;   {runtime_call counter_overflow Runtime1 stub}
  0x00000281c241db70: ffe8 eaad 

  0x00000281c241db74: ; ImmutableOopMap {r8=Oop rbx=Oop r9=Oop rax=Oop [248]=Oop [256]=Oop }
                      ;*synchronization entry
                      ; - java.lang.Object::<init>@-1 (line 45)
                      ; - java.awt.EventQueue$4::<init>@16 (line 714)
                      ; - java.awt.EventQueue::dispatchEvent@12 (line 714)
  0x00000281c241db74: 1c07 e9e8 

  0x00000281c241db78: ;   {metadata({method} {0x000002821a177070} 'getAccessControlContext' '()Ljava/security/AccessControlContext;' in 'java/awt/AWTEvent')}
  0x00000281c241db78: f4ff ff49 | ba68 7017 | 1a82 0200 | 004c 8954 | 2408 48c7 | 0424 ffff 

  0x00000281c241db90: ;   {runtime_call counter_overflow Runtime1 stub}
  0x00000281c241db90: ffff e8c9 

  0x00000281c241db94: ; ImmutableOopMap {rax=Oop [240]=Oop [248]=Oop [256]=Oop [264]=Oop }
                      ;*synchronization entry
                      ; - java.awt.AWTEvent::getAccessControlContext@-1 (line 127)
                      ; - java.awt.EventQueue::dispatchEvent@28 (line 740)
  0x00000281c241db94: ad1c 07e9 | 6ef5 ffff 

  0x00000281c241db9c: ;   {metadata({method} {0x00000281d92331c0} 'doIntersectionPrivilege' '(Ljava/security/PrivilegedAction;Ljava/security/AccessControlContext;Ljava/security/AccessControlContext;)Ljava/lang/Object;' in 'java/security/ProtectionDomain$JavaSecurityAccessImpl')}
  0x00000281c241db9c: 49ba b831 | 23d9 8102 | 0000 4c89 | 5424 0848 | c704 24ff 

  0x00000281c241dbb0: ;   {runtime_call counter_overflow Runtime1 stub}
  0x00000281c241dbb0: ffff ffe8 

  0x00000281c241dbb4: ; ImmutableOopMap {rbx=Oop [248]=Oop [264]=Oop }
                      ;*synchronization entry
                      ; - java.security.ProtectionDomain$JavaSecurityAccessImpl::doIntersectionPrivilege@-1 (line 83)
                      ; - java.awt.EventQueue::dispatchEvent@46 (line 742)
  0x00000281c241dbb4: a8ad 1c07 | e916 f6ff 

  0x00000281c241dbbc: ;   {metadata({method} {0x00000281d949ac98} 'doPrivileged' '(Ljava/security/PrivilegedAction;Ljava/security/AccessControlContext;)Ljava/lang/Object;' in 'java/security/AccessController')}
  0x00000281c241dbbc: ff49 ba90 | ac49 d981 | 0200 004c | 8954 2408 | 48c7 0424 | ffff ffff 

  0x00000281c241dbd4: ;   {runtime_call counter_overflow Runtime1 stub}
  0x00000281c241dbd4: e887 ad1c 

  0x00000281c241dbd8: ; ImmutableOopMap {rax=Oop [248]=Oop }
                      ;*synchronization entry
                      ; - java.security.AccessController::doPrivileged@-1 (line 398)
                      ; - java.security.ProtectionDomain$JavaSecurityAccessImpl::doIntersectionPrivilege@18 (line 87)
                      ; - java.awt.EventQueue::dispatchEvent@46 (line 742)
  0x00000281c241dbd8: 07e9 6ff6 

  0x00000281c241dbdc: ;   {metadata({method} {0x00000281d949af20} 'executePrivileged' '(Ljava/security/PrivilegedAction;Ljava/security/AccessControlContext;Ljava/lang/Class;)Ljava/lang/Object;' in 'java/security/AccessController')}
  0x00000281c241dbdc: ffff 49ba | 18af 49d9 | 8102 0000 | 4c89 5424 | 0848 c704 | 24ff ffff 

  0x00000281c241dbf4: ;   {runtime_call counter_overflow Runtime1 stub}
  0x00000281c241dbf4: ffe8 66ad 

  0x00000281c241dbf8: ; ImmutableOopMap {rax=Oop [248]=Oop [280]=Oop [288]=Oop }
                      ;*synchronization entry
                      ; - java.security.AccessController::executePrivileged@-1 (line 773)
                      ; - java.security.AccessController::doPrivileged@13 (line 400)
                      ; - java.security.ProtectionDomain$JavaSecurityAccessImpl::doIntersectionPrivilege@18 (line 87)
                      ; - java.awt.EventQueue::dispatchEvent@46 (line 742)
  0x00000281c241dbf8: 1c07 e9ee 

  0x00000281c241dbfc: ;   {metadata({method} {0x000002821a1f3230} 'run' '()Ljava/lang/Object;' in 'java/awt/EventQueue$4')}
  0x00000281c241dbfc: f6ff ff49 | ba28 321f | 1a82 0200 | 004c 8954 | 2408 48c7 | 0424 ffff 

  0x00000281c241dc14: ;   {runtime_call counter_overflow Runtime1 stub}
  0x00000281c241dc14: ffff e845 

  0x00000281c241dc18: ; ImmutableOopMap {[248]=Oop [280]=Oop [288]=Oop }
                      ;*synchronization entry
                      ; - java.awt.EventQueue$4::run@-1 (line 714)
                      ; - java.security.AccessController::executePrivileged@29 (line 778)
                      ; - java.security.AccessController::doPrivileged@13 (line 400)
                      ; - java.security.ProtectionDomain$JavaSecurityAccessImpl::doIntersectionPrivilege@18 (line 87)
                      ; - java.awt.EventQueue::dispatchEvent@46 (line 742)
  0x00000281c241dc18: ad1c 07e9 | 65f7 ffff 

  0x00000281c241dc20: ;   {metadata({method} {0x00000281d91956f0} 'reachabilityFence' '(Ljava/lang/Object;)V' in 'java/lang/ref/Reference')}
  0x00000281c241dc20: 49ba e856 | 19d9 8102 | 0000 4c89 | 5424 0848 | c704 24ff 

  0x00000281c241dc34: ;   {runtime_call counter_overflow Runtime1 stub}
  0x00000281c241dc34: ffff ffe8 

  0x00000281c241dc38: ; ImmutableOopMap {[280]=Oop [296]=Oop }
                      ;*synchronization entry
                      ; - java.lang.ref.Reference::reachabilityFence@-1 (line 661)
                      ; - java.security.AccessController::executePrivileged@60 (line 790)
                      ; - java.security.AccessController::doPrivileged@13 (line 400)
                      ; - java.security.ProtectionDomain$JavaSecurityAccessImpl::doIntersectionPrivilege@18 (line 87)
                      ; - java.awt.EventQueue::dispatchEvent@46 (line 742)
  0x00000281c241dc38: 24ad 1c07 | e904 f8ff 

  0x00000281c241dc40: ;   {metadata({method} {0x00000281d91956f0} 'reachabilityFence' '(Ljava/lang/Object;)V' in 'java/lang/ref/Reference')}
  0x00000281c241dc40: ff49 bae8 | 5619 d981 | 0200 004c | 8954 2408 | 48c7 0424 | ffff ffff 

  0x00000281c241dc58: ;   {runtime_call counter_overflow Runtime1 stub}
  0x00000281c241dc58: e803 ad1c 

  0x00000281c241dc5c: ; ImmutableOopMap {[296]=Oop }
                      ;*synchronization entry
                      ; - java.lang.ref.Reference::reachabilityFence@-1 (line 661)
                      ; - java.security.AccessController::executePrivileged@64 (line 791)
                      ; - java.security.AccessController::doPrivileged@13 (line 400)
                      ; - java.security.ProtectionDomain$JavaSecurityAccessImpl::doIntersectionPrivilege@18 (line 87)
                      ; - java.awt.EventQueue::dispatchEvent@46 (line 742)
  0x00000281c241dc5c: 07e9 1cf8 | ffff 488b 

  0x00000281c241dc64: ;   {runtime_call fast_new_instance Runtime1 stub}
  0x00000281c241dc64: d2e8 7657 

  0x00000281c241dc68: ; ImmutableOopMap {r9=Oop rbx=Oop r11=Oop [248]=Oop [256]=Oop [264]=Oop }
                      ;*new {reexecute=0 rethrow=0 return_oop=0}
                      ; - java.awt.EventQueue::dispatchEvent@58 (line 744)
  0x00000281c241dc68: 1c07 e972 

  0x00000281c241dc6c: ;   {metadata({method} {0x000002821ace8720} '<init>' '(Ljava/awt/EventQueue;Ljava/security/PrivilegedAction;Ljava/security/AccessControlContext;)V' in 'java/awt/EventQueue$5')}
  0x00000281c241dc6c: f8ff ff49 | ba18 87ce | 1a82 0200 | 004c 8954 | 2408 48c7 | 0424 ffff 

  0x00000281c241dc84: ;   {runtime_call counter_overflow Runtime1 stub}
  0x00000281c241dc84: ffff e8d5 

  0x00000281c241dc88: ; ImmutableOopMap {r9=Oop rbx=Oop r11=Oop rax=Oop [248]=Oop [264]=Oop }
                      ;*synchronization entry
                      ; - java.awt.EventQueue$5::<init>@-1 (line 745)
                      ; - java.awt.EventQueue::dispatchEvent@66 (line 744)
  0x00000281c241dc88: ac1c 07e9 | 92f8 ffff | 8b50 0c48 | c1e2 0348 | 83fa 000f | 848e f8ff | ff48 8914 

  0x00000281c241dca4: ;   {runtime_call g1_pre_barrier_slow}
  0x00000281c241dca4: 24e8 b6b7 | 1c07 e980 | f8ff ff49 | 83fb 000f | 8495 f8ff | ff48 8904 

  0x00000281c241dcbc: ;   {runtime_call g1_post_barrier_slow}
  0x00000281c241dcbc: 24e8 9eba | 1c07 e987 | f8ff ff8b | 5010 48c1 | e203 4883 | fa00 0f84 | 83f8 ffff | 4889 1424 
  0x00000281c241dcdc: ;   {runtime_call g1_pre_barrier_slow}
  0x00000281c241dcdc: e87f b71c | 07e9 75f8 | ffff 4883 | fb00 0f84 | 8af8 ffff | 4889 0424 

  0x00000281c241dcf4: ;   {runtime_call g1_post_barrier_slow}
  0x00000281c241dcf4: e867 ba1c | 07e9 7cf8 

  0x00000281c241dcfc: ;   {metadata({method} {0x00000281d949d358} '<init>' '()V' in 'java/lang/Object')}
  0x00000281c241dcfc: ffff 49ba | 50d3 49d9 | 8102 0000 | 4c89 5424 | 0848 c704 | 24ff ffff 

  0x00000281c241dd14: ;   {runtime_call counter_overflow Runtime1 stub}
  0x00000281c241dd14: ffe8 46ac 

  0x00000281c241dd18: ; ImmutableOopMap {r9=Oop rax=Oop [264]=Oop }
                      ;*synchronization entry
                      ; - java.lang.Object::<init>@-1 (line 45)
                      ; - java.awt.EventQueue$5::<init>@11 (line 745)
                      ; - java.awt.EventQueue::dispatchEvent@66 (line 744)
  0x00000281c241dd18: 1c07 e99c 

  0x00000281c241dd1c: ;   {metadata({method} {0x00000281d92331c0} 'doIntersectionPrivilege' '(Ljava/security/PrivilegedAction;Ljava/security/AccessControlContext;Ljava/security/AccessControlContext;)Ljava/lang/Object;' in 'java/security/ProtectionDomain$JavaSecurityAccessImpl')}
  0x00000281c241dd1c: f8ff ff49 | bab8 3123 | d981 0200 | 004c 8954 | 2408 48c7 | 0424 ffff 

  0x00000281c241dd34: ;   {runtime_call counter_overflow Runtime1 stub}
  0x00000281c241dd34: ffff e825 

  0x00000281c241dd38: ; ImmutableOopMap {r9=Oop rax=Oop [264]=Oop }
                      ;*synchronization entry
                      ; - java.security.ProtectionDomain$JavaSecurityAccessImpl::doIntersectionPrivilege@-1 (line 83)
                      ; - java.awt.EventQueue::dispatchEvent@73 (line 744)
  0x00000281c241dd38: ac1c 07e9 | d4f8 ffff 

  0x00000281c241dd40: ;   {metadata({method} {0x00000281d949ac98} 'doPrivileged' '(Ljava/security/PrivilegedAction;Ljava/security/AccessControlContext;)Ljava/lang/Object;' in 'java/security/AccessController')}
  0x00000281c241dd40: 49ba 90ac | 49d9 8102 | 0000 4c89 | 5424 0848 | c704 24ff 

  0x00000281c241dd54: ;   {runtime_call counter_overflow Runtime1 stub}
  0x00000281c241dd54: ffff ffe8 

  0x00000281c241dd58: ; ImmutableOopMap {rax=Oop [304]=Oop }
                      ;*synchronization entry
                      ; - java.security.AccessController::doPrivileged@-1 (line 398)
                      ; - java.security.ProtectionDomain$JavaSecurityAccessImpl::doIntersectionPrivilege@18 (line 87)
                      ; - java.awt.EventQueue::dispatchEvent@73 (line 744)
  0x00000281c241dd58: 04ac 1c07 | e934 f9ff 

  0x00000281c241dd60: ;   {metadata({method} {0x00000281d949af20} 'executePrivileged' '(Ljava/security/PrivilegedAction;Ljava/security/AccessControlContext;Ljava/lang/Class;)Ljava/lang/Object;' in 'java/security/AccessController')}
  0x00000281c241dd60: ff49 ba18 | af49 d981 | 0200 004c | 8954 2408 | 48c7 0424 | ffff ffff 

  0x00000281c241dd78: ;   {runtime_call counter_overflow Runtime1 stub}
  0x00000281c241dd78: e8e3 ab1c 

  0x00000281c241dd7c: ; ImmutableOopMap {rax=Oop [304]=Oop [320]=Oop [328]=Oop }
                      ;*synchronization entry
                      ; - java.security.AccessController::executePrivileged@-1 (line 773)
                      ; - java.security.AccessController::doPrivileged@13 (line 400)
                      ; - java.security.ProtectionDomain$JavaSecurityAccessImpl::doIntersectionPrivilege@18 (line 87)
                      ; - java.awt.EventQueue::dispatchEvent@73 (line 744)
  0x00000281c241dd7c: 07e9 b3f9 

  0x00000281c241dd80: ;   {metadata({method} {0x000002821ace8880} 'run' '()Ljava/lang/Object;' in 'java/awt/EventQueue$5')}
  0x00000281c241dd80: ffff 49ba | 7888 ce1a | 8202 0000 | 4c89 5424 | 0848 c704 | 24ff ffff 

  0x00000281c241dd98: ;   {runtime_call counter_overflow Runtime1 stub}
  0x00000281c241dd98: ffe8 c2ab 

  0x00000281c241dd9c: ; ImmutableOopMap {rax=Oop [320]=Oop [328]=Oop }
                      ;*synchronization entry
                      ; - java.awt.EventQueue$5::run@-1 (line 745)
                      ; - java.security.AccessController::executePrivileged@29 (line 778)
                      ; - java.security.AccessController::doPrivileged@13 (line 400)
                      ; - java.security.ProtectionDomain$JavaSecurityAccessImpl::doIntersectionPrivilege@18 (line 87)
                      ; - java.awt.EventQueue::dispatchEvent@73 (line 744)
  0x00000281c241dd9c: 1c07 e92d 

  0x00000281c241dda0: ;   {metadata({method} {0x000002821ace87d8} 'run' '()Ljava/lang/Void;' in 'java/awt/EventQueue$5')}
  0x00000281c241dda0: faff ff49 | bad0 87ce | 1a82 0200 | 004c 8954 | 2408 48c7 | 0424 ffff 

  0x00000281c241ddb8: ;   {runtime_call counter_overflow Runtime1 stub}
  0x00000281c241ddb8: ffff e8a1 

  0x00000281c241ddbc: ; ImmutableOopMap {rax=Oop [320]=Oop [328]=Oop }
                      ;*synchronization entry
                      ; - java.awt.EventQueue$5::run@-1 (line 747)
                      ; - java.awt.EventQueue$5::run@1 (line 745)
                      ; - java.security.AccessController::executePrivileged@29 (line 778)
                      ; - java.security.AccessController::doPrivileged@13 (line 400)
                      ; - java.security.ProtectionDomain$JavaSecurityAccessImpl::doIntersectionPrivilege@18 (line 87)
                      ; - java.awt.EventQueue::dispatchEvent@73 (line 744)
  0x00000281c241ddbc: ab1c 07e9 | 59fa ffff 

  0x00000281c241ddc4: ;   {metadata({method} {0x00000281d92332a0} 'doIntersectionPrivilege' '(Ljava/security/PrivilegedAction;Ljava/security/AccessControlContext;)Ljava/lang/Object;' in 'java/security/ProtectionDomain$JavaSecurityAccessImpl')}
  0x00000281c241ddc4: 49ba 9832 | 23d9 8102 | 0000 4c89 | 5424 0848 | c704 24ff 

  0x00000281c241ddd8: ;   {runtime_call counter_overflow Runtime1 stub}
  0x00000281c241ddd8: ffff ffe8 

  0x00000281c241dddc: ; ImmutableOopMap {rsi=Oop rdi=Oop rbx=Oop [320]=Oop [328]=Oop }
                      ;*synchronization entry
                      ; - java.security.ProtectionDomain$JavaSecurityAccessImpl::doIntersectionPrivilege@-1 (line 98)
                      ; - java.awt.EventQueue$5::run@11 (line 747)
                      ; - java.awt.EventQueue$5::run@1 (line 745)
                      ; - java.security.AccessController::executePrivileged@29 (line 778)
                      ; - java.security.AccessController::doPrivileged@13 (line 400)
                      ; - java.security.ProtectionDomain$JavaSecurityAccessImpl::doIntersectionPrivilege@18 (line 87)
                      ; - java.awt.EventQueue::dispatchEvent@73 (line 744)
  0x00000281c241dddc: 80ab 1c07 | e99d faff 

  0x00000281c241dde4: ;   {metadata({method} {0x00000281d91956f0} 'reachabilityFence' '(Ljava/lang/Object;)V' in 'java/lang/ref/Reference')}
  0x00000281c241dde4: ff49 bae8 | 5619 d981 | 0200 004c | 8954 2408 | 48c7 0424 | ffff ffff 

  0x00000281c241ddfc: ;   {runtime_call counter_overflow Runtime1 stub}
  0x00000281c241ddfc: e85f ab1c 

  0x00000281c241de00: ; ImmutableOopMap {[320]=Oop }
                      ;*synchronization entry
                      ; - java.lang.ref.Reference::reachabilityFence@-1 (line 661)
                      ; - java.security.AccessController::executePrivileged@60 (line 790)
                      ; - java.security.AccessController::doPrivileged@13 (line 400)
                      ; - java.security.ProtectionDomain$JavaSecurityAccessImpl::doIntersectionPrivilege@18 (line 87)
                      ; - java.awt.EventQueue::dispatchEvent@73 (line 744)
  0x00000281c241de00: 07e9 86fb 

  0x00000281c241de04: ;   {metadata({method} {0x00000281d91956f0} 'reachabilityFence' '(Ljava/lang/Object;)V' in 'java/lang/ref/Reference')}
  0x00000281c241de04: ffff 49ba | e856 19d9 | 8102 0000 | 4c89 5424 | 0848 c704 | 24ff ffff 

  0x00000281c241de1c: ;   {runtime_call counter_overflow Runtime1 stub}
  0x00000281c241de1c: ffe8 3eab 

  0x00000281c241de20: ; ImmutableOopMap {}
                      ;*synchronization entry
                      ; - java.lang.ref.Reference::reachabilityFence@-1 (line 661)
                      ; - java.security.AccessController::executePrivileged@64 (line 791)
                      ; - java.security.AccessController::doPrivileged@13 (line 400)
                      ; - java.security.ProtectionDomain$JavaSecurityAccessImpl::doIntersectionPrivilege@18 (line 87)
                      ; - java.awt.EventQueue::dispatchEvent@73 (line 744)
  0x00000281c241de20: 1c07 e99d 

  0x00000281c241de24: ;   {internal_word}
  0x00000281c241de24: fbff ff49 | bacc d941 | c281 0200 | 004d 8997 | 6004 0000 

  0x00000281c241de38: ;   {runtime_call SafepointBlob}
  0x00000281c241de38: e9a3 7510 

  0x00000281c241de3c: ;   {internal_word}
  0x00000281c241de3c: 0749 baf2 | d941 c281 | 0200 004d | 8997 6004 

  0x00000281c241de4c: ;   {runtime_call SafepointBlob}
  0x00000281c241de4c: 0000 e98d 

  0x00000281c241de50: ;   {metadata(nullptr)}
  0x00000281c241de50: 7510 0748 | ba00 0000 | 0000 0000 | 00b8 000f 

  0x00000281c241de60: ;   {runtime_call load_klass_patching Runtime1 stub}
  0x00000281c241de60: 050a e8f9 

  0x00000281c241de64: ; ImmutableOopMap {[248]=Oop [256]=Oop [264]=Oop [368]=Oop }
                      ;*new {reexecute=1 rethrow=0 return_oop=0}
                      ; - (reexecute) java.awt.AWTEvent::getAccessControlContext@7 (line 128)
                      ; - java.awt.EventQueue::dispatchEvent@28 (line 740)
  0x00000281c241de64: 951c 07e9 | 9cfb ffff 

  0x00000281c241de6c: ;   {runtime_call new_instance Runtime1 stub}
  0x00000281c241de6c: 488b d2e8 

  0x00000281c241de70: ; ImmutableOopMap {[248]=Oop [256]=Oop [264]=Oop [368]=Oop }
                      ;*new {reexecute=0 rethrow=0 return_oop=0}
                      ; - java.awt.AWTEvent::getAccessControlContext@7 (line 128)
                      ; - java.awt.EventQueue::dispatchEvent@28 (line 740)
  0x00000281c241de70: ec4d 1c07 | e99e fbff | ff49 8b87 | 0005 0000 | 49c7 8700 | 0500 0000 | 0000 0049 | c787 0805 
  0x00000281c241de90: 0000 0000 | 0000 4881 | c480 0100 

  0x00000281c241de9c: ;   {runtime_call unwind_exception Runtime1 stub}
  0x00000281c241de9c: 005d e9bd | 261b 07f4 | f4f4 f4f4 
[Stub Code]
  0x00000281c241dea8: ;   {no_reloc}
  0x00000281c241dea8: 0f1f 4400 

  0x00000281c241deac: ;   {static_stub}
  0x00000281c241deac: 0048 bb70 | 311f 1a82 

  0x00000281c241deb4: ;   {runtime_call I2C/C2I adapters}
  0x00000281c241deb4: 0200 00e9 | f652 1007 

  0x00000281c241debc: ;   {static_stub}
  0x00000281c241debc: 9048 bb00 | 0000 0000 

  0x00000281c241dec4: ;   {runtime_call nmethod}
  0x00000281c241dec4: 0000 00e9 | fbff ffff 

  0x00000281c241decc: ;   {static_stub}
  0x00000281c241decc: 9048 bb00 | 0000 0000 

  0x00000281c241ded4: ;   {runtime_call nmethod}
  0x00000281c241ded4: 0000 00e9 | fbff ffff 

  0x00000281c241dedc: ;   {static_stub}
  0x00000281c241dedc: 48bb 0000 | 0000 0000 

  0x00000281c241dee4: ;   {runtime_call nmethod}
  0x00000281c241dee4: 0000 e9fb 

  0x00000281c241dee8: ;   {static_stub}
  0x00000281c241dee8: ffff ff48 | bb00 0000 | 0000 0000 

  0x00000281c241def4: ;   {runtime_call nmethod}
  0x00000281c241def4: 00e9 fbff 

  0x00000281c241def8: ;   {static_stub}
  0x00000281c241def8: ffff 48bb | 0000 0000 | 0000 0000 

  0x00000281c241df04: ;   {runtime_call nmethod}
  0x00000281c241df04: e9fb ffff 

  0x00000281c241df08: ;   {static_stub}
  0x00000281c241df08: ff48 bb00 | 0000 0000 

  0x00000281c241df10: ;   {runtime_call nmethod}
  0x00000281c241df10: 0000 00e9 | fbff ffff 

  0x00000281c241df18: ;   {static_stub}
  0x00000281c241df18: 48bb 0000 | 0000 0000 

  0x00000281c241df20: ;   {runtime_call nmethod}
  0x00000281c241df20: 0000 e9fb 

  0x00000281c241df24: ;   {static_stub}
  0x00000281c241df24: ffff ff48 | bb00 0000 | 0000 0000 

  0x00000281c241df30: ;   {runtime_call nmethod}
  0x00000281c241df30: 00e9 fbff 

  0x00000281c241df34: ;   {runtime_call handle_exception_from_callee Runtime1 stub}
  0x00000281c241df34: ffff e8a5 

  0x00000281c241df38: ;   {external_word}
  0x00000281c241df38: 721c 0748 | b940 e5df | ecfa 7f00 | 0048 83e4 

  0x00000281c241df48: ;   {runtime_call}
  0x00000281c241df48: f048 b850 | 4da6 ecfa | 7f00 00ff 

  0x00000281c241df54: ;   {section_word}
  0x00000281c241df54: d0f4 49ba | 56df 41c2 | 8102 0000 

  0x00000281c241df60: ;   {runtime_call DeoptimizationBlob}
  0x00000281c241df60: 4152 e919 | 6710 07f4 
[/MachCode]


---------------  P R O C E S S  ---------------

Threads class SMR info:
_java_thread_list=0x000002821f8352c0, length=16, elements={
0x00000281d8410e20, 0x00000281d8412bf0, 0x00000281d8416a20, 0x00000281d8417ae0,
0x00000281d8418800, 0x00000281d8418e90, 0x00000281d8426d10, 0x00000281d8430870,
0x00000281d8419520, 0x00000281d841a8d0, 0x00000281d8419bb0, 0x00000281d841af60,
0x00000281d841a240, 0x00000281d8418170, 0x00000281d87cac30, 0x00000281d87c5050
}

Java Threads: ( => current thread )
  0x00000281d8410e20 JavaThread "Reference Handler"          daemon [_thread_blocked, id=14072, stack(0x000000d2af100000,0x000000d2af200000) (1024K)]
  0x00000281d8412bf0 JavaThread "Finalizer"                  daemon [_thread_blocked, id=17136, stack(0x000000d2af200000,0x000000d2af300000) (1024K)]
  0x00000281d8416a20 JavaThread "Signal Dispatcher"          daemon [_thread_blocked, id=15976, stack(0x000000d2af300000,0x000000d2af400000) (1024K)]
  0x00000281d8417ae0 JavaThread "Attach Listener"            daemon [_thread_blocked, id=8500, stack(0x000000d2af400000,0x000000d2af500000) (1024K)]
  0x00000281d8418800 JavaThread "Service Thread"             daemon [_thread_blocked, id=7380, stack(0x000000d2af500000,0x000000d2af600000) (1024K)]
  0x00000281d8418e90 JavaThread "Monitor Deflation Thread"   daemon [_thread_blocked, id=6828, stack(0x000000d2af600000,0x000000d2af700000) (1024K)]
  0x00000281d8426d10 JavaThread "C2 CompilerThread0"         daemon [_thread_blocked, id=9732, stack(0x000000d2af700000,0x000000d2af800000) (1024K)]
  0x00000281d8430870 JavaThread "C1 CompilerThread0"         daemon [_thread_blocked, id=20916, stack(0x000000d2af800000,0x000000d2af900000) (1024K)]
  0x00000281d8419520 JavaThread "Common-Cleaner"             daemon [_thread_blocked, id=14872, stack(0x000000d2af900000,0x000000d2afa00000) (1024K)]
  0x00000281d841a8d0 JavaThread "Notification Thread"        daemon [_thread_blocked, id=16504, stack(0x000000d2afa00000,0x000000d2afb00000) (1024K)]
  0x00000281d8419bb0 JavaThread "Java2D Disposer"            daemon [_thread_blocked, id=10560, stack(0x000000d2afb00000,0x000000d2afc00000) (1024K)]
  0x00000281d841af60 JavaThread "AWT-Shutdown"                      [_thread_blocked, id=10976, stack(0x000000d2afc00000,0x000000d2afd00000) (1024K)]
  0x00000281d841a240 JavaThread "AWT-Windows"                daemon [_thread_in_native, id=7556, stack(0x000000d2afd00000,0x000000d2afe00000) (1024K)]
=>0x00000281d8418170 JavaThread "AWT-EventQueue-0"                  [_thread_in_native, id=13596, stack(0x000000d2afe00000,0x000000d2aff00000) (1024K)]
  0x00000281d87cac30 JavaThread "DestroyJavaVM"                     [_thread_blocked, id=6684, stack(0x000000d2ae900000,0x000000d2aea00000) (1024K)]
  0x00000281d87c5050 JavaThread "TimerQueue"                 daemon [_thread_blocked, id=836, stack(0x000000d2b0000000,0x000000d2b0100000) (1024K)]
Total: 16

Other Threads:
  0x00000281d83f3b70 VMThread "VM Thread"                           [id=12848, stack(0x000000d2af000000,0x000000d2af100000) (1024K)]
  0x00000281d83e4770 WatcherThread "VM Periodic Task Thread"        [id=20404, stack(0x000000d2aef00000,0x000000d2af000000) (1024K)]
  0x00000281b98b5340 WorkerThread "GC Thread#0"                     [id=13516, stack(0x000000d2aea00000,0x000000d2aeb00000) (1024K)]
  0x000002821f193d90 WorkerThread "GC Thread#1"                     [id=19652, stack(0x000000d2b0100000,0x000000d2b0200000) (1024K)]
  0x000002821f194140 WorkerThread "GC Thread#2"                     [id=21124, stack(0x000000d2b0200000,0x000000d2b0300000) (1024K)]
  0x000002821f1944f0 WorkerThread "GC Thread#3"                     [id=1104, stack(0x000000d2b0300000,0x000000d2b0400000) (1024K)]
  0x00000281b98ca170 ConcurrentGCThread "G1 Main Marker"            [id=13224, stack(0x000000d2aeb00000,0x000000d2aec00000) (1024K)]
  0x00000281b98cae30 WorkerThread "G1 Conc#0"                       [id=13272, stack(0x000000d2aec00000,0x000000d2aed00000) (1024K)]
  0x00000281d82a7100 ConcurrentGCThread "G1 Refine#0"               [id=3400, stack(0x000000d2aed00000,0x000000d2aee00000) (1024K)]
  0x00000281d82a7b90 ConcurrentGCThread "G1 Service"                [id=6464, stack(0x000000d2aee00000,0x000000d2aef00000) (1024K)]
Total: 10

Threads with active compile tasks:
Total: 0

VM state: not at safepoint (normal execution)

VM Mutex/Monitor currently owned by a thread: None

Heap address: 0x0000000701a00000, size: 4070 MB, Compressed Oops mode: Zero based, Oop shift amount: 3

CDS archive(s) mapped at: [0x00000281d9000000-0x00000281d9d70000-0x00000281d9d70000), size 14090240, SharedBaseAddress: 0x00000281d9000000, ArchiveRelocationMode: 1.
Compressed class space mapped at: 0x00000281da000000-0x000002821a000000, reserved size: 1073741824
Narrow klass base: 0x00000281d9000000, Narrow klass shift: 0, Narrow klass range: 0x41000000

GC Precious Log:
 CardTable entry size: 512
 Card Set container configuration: InlinePtr #cards 4 size 8 Array Of Cards #cards 16 size 48 Howl #buckets 8 coarsen threshold 3686 Howl Bitmap #cards 512 size 80 coarsen threshold 460 Card regions per heap region 1 cards per card region 4096
 CPUs: 4 total, 4 available
 Memory: 16275M
 Large Page Support: Disabled
 NUMA Support: Disabled
 Compressed Oops: Enabled (Zero based)
 Heap Region Size: 2M
 Heap Min Capacity: 8M
 Heap Initial Capacity: 256M
 Heap Max Capacity: 4070M
 Pre-touch: Disabled
 Parallel Workers: 4
 Concurrent Workers: 1
 Concurrent Refinement Workers: 4
 Periodic GC: Disabled

Heap:
 garbage-first heap   total reserved 4167680K, committed 262144K, used 22710K [0x0000000701a00000, 0x0000000800000000)
  region size 2048K, 9 young (18432K), 1 survivors (2048K)
 Metaspace       used 16432K, committed 17024K, reserved 1114112K
  class space    used 2083K, committed 2304K, reserved 1048576K

Heap Regions: E=young(eden), S=young(survivor), O=old, HS=humongous(starts), HC=humongous(continues), CS=collection set, F=free, TAMS=top-at-mark-start, PB=parsable bottom
|   0|0x0000000701a00000, 0x0000000701c00000, 0x0000000701c00000|100%| O|  |TAMS 0x0000000701a00000| PB 0x0000000701a00000| Untracked |  0
|   1|0x0000000701c00000, 0x0000000701d5b408, 0x0000000701e00000| 67%| O|  |TAMS 0x0000000701c00000| PB 0x0000000701c00000| Untracked |  0
|   2|0x0000000701e00000, 0x0000000702000000, 0x0000000702000000|100%|HS|  |TAMS 0x0000000701e00000| PB 0x0000000701e00000| Complete |  1
|   3|0x0000000702000000, 0x0000000702200000, 0x0000000702200000|100%|HC|  |TAMS 0x0000000702000000| PB 0x0000000702000000| Complete |  0
|   4|0x0000000702200000, 0x0000000702200000, 0x0000000702400000|  0%| F|  |TAMS 0x0000000702200000| PB 0x0000000702200000| Untracked |  0
|   5|0x0000000702400000, 0x0000000702400000, 0x0000000702600000|  0%| F|  |TAMS 0x0000000702400000| PB 0x0000000702400000| Untracked |  0
|   6|0x0000000702600000, 0x0000000702600000, 0x0000000702800000|  0%| F|  |TAMS 0x0000000702600000| PB 0x0000000702600000| Untracked |  0
|   7|0x0000000702800000, 0x0000000702800000, 0x0000000702a00000|  0%| F|  |TAMS 0x0000000702800000| PB 0x0000000702800000| Untracked |  0
|   8|0x0000000702a00000, 0x0000000702a00000, 0x0000000702c00000|  0%| F|  |TAMS 0x0000000702a00000| PB 0x0000000702a00000| Untracked |  0
|   9|0x0000000702c00000, 0x0000000702c00000, 0x0000000702e00000|  0%| F|  |TAMS 0x0000000702c00000| PB 0x0000000702c00000| Untracked |  0
|  10|0x0000000702e00000, 0x0000000702e00000, 0x0000000703000000|  0%| F|  |TAMS 0x0000000702e00000| PB 0x0000000702e00000| Untracked |  0
|  11|0x0000000703000000, 0x0000000703000000, 0x0000000703200000|  0%| F|  |TAMS 0x0000000703000000| PB 0x0000000703000000| Untracked |  0
|  12|0x0000000703200000, 0x0000000703200000, 0x0000000703400000|  0%| F|  |TAMS 0x0000000703200000| PB 0x0000000703200000| Untracked |  0
|  13|0x0000000703400000, 0x0000000703400000, 0x0000000703600000|  0%| F|  |TAMS 0x0000000703400000| PB 0x0000000703400000| Untracked |  0
|  14|0x0000000703600000, 0x0000000703600000, 0x0000000703800000|  0%| F|  |TAMS 0x0000000703600000| PB 0x0000000703600000| Untracked |  0
|  15|0x0000000703800000, 0x0000000703800000, 0x0000000703a00000|  0%| F|  |TAMS 0x0000000703800000| PB 0x0000000703800000| Untracked |  0
|  16|0x0000000703a00000, 0x0000000703a00000, 0x0000000703c00000|  0%| F|  |TAMS 0x0000000703a00000| PB 0x0000000703a00000| Untracked |  0
|  17|0x0000000703c00000, 0x0000000703c00000, 0x0000000703e00000|  0%| F|  |TAMS 0x0000000703c00000| PB 0x0000000703c00000| Untracked |  0
|  18|0x0000000703e00000, 0x0000000703e00000, 0x0000000704000000|  0%| F|  |TAMS 0x0000000703e00000| PB 0x0000000703e00000| Untracked |  0
|  19|0x0000000704000000, 0x0000000704000000, 0x0000000704200000|  0%| F|  |TAMS 0x0000000704000000| PB 0x0000000704000000| Untracked |  0
|  20|0x0000000704200000, 0x0000000704200000, 0x0000000704400000|  0%| F|  |TAMS 0x0000000704200000| PB 0x0000000704200000| Untracked |  0
|  21|0x0000000704400000, 0x0000000704400000, 0x0000000704600000|  0%| F|  |TAMS 0x0000000704400000| PB 0x0000000704400000| Untracked |  0
|  22|0x0000000704600000, 0x0000000704600000, 0x0000000704800000|  0%| F|  |TAMS 0x0000000704600000| PB 0x0000000704600000| Untracked |  0
|  23|0x0000000704800000, 0x0000000704800000, 0x0000000704a00000|  0%| F|  |TAMS 0x0000000704800000| PB 0x0000000704800000| Untracked |  0
|  24|0x0000000704a00000, 0x0000000704a00000, 0x0000000704c00000|  0%| F|  |TAMS 0x0000000704a00000| PB 0x0000000704a00000| Untracked |  0
|  25|0x0000000704c00000, 0x0000000704c00000, 0x0000000704e00000|  0%| F|  |TAMS 0x0000000704c00000| PB 0x0000000704c00000| Untracked |  0
|  26|0x0000000704e00000, 0x0000000704e00000, 0x0000000705000000|  0%| F|  |TAMS 0x0000000704e00000| PB 0x0000000704e00000| Untracked |  0
|  27|0x0000000705000000, 0x0000000705000000, 0x0000000705200000|  0%| F|  |TAMS 0x0000000705000000| PB 0x0000000705000000| Untracked |  0
|  28|0x0000000705200000, 0x0000000705200000, 0x0000000705400000|  0%| F|  |TAMS 0x0000000705200000| PB 0x0000000705200000| Untracked |  0
|  29|0x0000000705400000, 0x0000000705400000, 0x0000000705600000|  0%| F|  |TAMS 0x0000000705400000| PB 0x0000000705400000| Untracked |  0
|  30|0x0000000705600000, 0x0000000705600000, 0x0000000705800000|  0%| F|  |TAMS 0x0000000705600000| PB 0x0000000705600000| Untracked |  0
|  31|0x0000000705800000, 0x0000000705800000, 0x0000000705a00000|  0%| F|  |TAMS 0x0000000705800000| PB 0x0000000705800000| Untracked |  0
|  32|0x0000000705a00000, 0x0000000705a00000, 0x0000000705c00000|  0%| F|  |TAMS 0x0000000705a00000| PB 0x0000000705a00000| Untracked |  0
|  33|0x0000000705c00000, 0x0000000705c00000, 0x0000000705e00000|  0%| F|  |TAMS 0x0000000705c00000| PB 0x0000000705c00000| Untracked |  0
|  34|0x0000000705e00000, 0x0000000705e00000, 0x0000000706000000|  0%| F|  |TAMS 0x0000000705e00000| PB 0x0000000705e00000| Untracked |  0
|  35|0x0000000706000000, 0x0000000706000000, 0x0000000706200000|  0%| F|  |TAMS 0x0000000706000000| PB 0x0000000706000000| Untracked |  0
|  36|0x0000000706200000, 0x0000000706200000, 0x0000000706400000|  0%| F|  |TAMS 0x0000000706200000| PB 0x0000000706200000| Untracked |  0
|  37|0x0000000706400000, 0x0000000706400000, 0x0000000706600000|  0%| F|  |TAMS 0x0000000706400000| PB 0x0000000706400000| Untracked |  0
|  38|0x0000000706600000, 0x0000000706600000, 0x0000000706800000|  0%| F|  |TAMS 0x0000000706600000| PB 0x0000000706600000| Untracked |  0
|  39|0x0000000706800000, 0x0000000706800000, 0x0000000706a00000|  0%| F|  |TAMS 0x0000000706800000| PB 0x0000000706800000| Untracked |  0
|  40|0x0000000706a00000, 0x0000000706a00000, 0x0000000706c00000|  0%| F|  |TAMS 0x0000000706a00000| PB 0x0000000706a00000| Untracked |  0
|  41|0x0000000706c00000, 0x0000000706c00000, 0x0000000706e00000|  0%| F|  |TAMS 0x0000000706c00000| PB 0x0000000706c00000| Untracked |  0
|  42|0x0000000706e00000, 0x0000000706e00000, 0x0000000707000000|  0%| F|  |TAMS 0x0000000706e00000| PB 0x0000000706e00000| Untracked |  0
|  43|0x0000000707000000, 0x0000000707000000, 0x0000000707200000|  0%| F|  |TAMS 0x0000000707000000| PB 0x0000000707000000| Untracked |  0
|  44|0x0000000707200000, 0x0000000707200000, 0x0000000707400000|  0%| F|  |TAMS 0x0000000707200000| PB 0x0000000707200000| Untracked |  0
|  45|0x0000000707400000, 0x0000000707400000, 0x0000000707600000|  0%| F|  |TAMS 0x0000000707400000| PB 0x0000000707400000| Untracked |  0
|  46|0x0000000707600000, 0x0000000707600000, 0x0000000707800000|  0%| F|  |TAMS 0x0000000707600000| PB 0x0000000707600000| Untracked |  0
|  47|0x0000000707800000, 0x0000000707800000, 0x0000000707a00000|  0%| F|  |TAMS 0x0000000707800000| PB 0x0000000707800000| Untracked |  0
|  48|0x0000000707a00000, 0x0000000707a00000, 0x0000000707c00000|  0%| F|  |TAMS 0x0000000707a00000| PB 0x0000000707a00000| Untracked |  0
|  49|0x0000000707c00000, 0x0000000707c00000, 0x0000000707e00000|  0%| F|  |TAMS 0x0000000707c00000| PB 0x0000000707c00000| Untracked |  0
|  50|0x0000000707e00000, 0x0000000707e00000, 0x0000000708000000|  0%| F|  |TAMS 0x0000000707e00000| PB 0x0000000707e00000| Untracked |  0
|  51|0x0000000708000000, 0x0000000708000000, 0x0000000708200000|  0%| F|  |TAMS 0x0000000708000000| PB 0x0000000708000000| Untracked |  0
|  52|0x0000000708200000, 0x0000000708200000, 0x0000000708400000|  0%| F|  |TAMS 0x0000000708200000| PB 0x0000000708200000| Untracked |  0
|  53|0x0000000708400000, 0x0000000708400000, 0x0000000708600000|  0%| F|  |TAMS 0x0000000708400000| PB 0x0000000708400000| Untracked |  0
|  54|0x0000000708600000, 0x0000000708600000, 0x0000000708800000|  0%| F|  |TAMS 0x0000000708600000| PB 0x0000000708600000| Untracked |  0
|  55|0x0000000708800000, 0x0000000708800000, 0x0000000708a00000|  0%| F|  |TAMS 0x0000000708800000| PB 0x0000000708800000| Untracked |  0
|  56|0x0000000708a00000, 0x0000000708a00000, 0x0000000708c00000|  0%| F|  |TAMS 0x0000000708a00000| PB 0x0000000708a00000| Untracked |  0
|  57|0x0000000708c00000, 0x0000000708c00000, 0x0000000708e00000|  0%| F|  |TAMS 0x0000000708c00000| PB 0x0000000708c00000| Untracked |  0
|  58|0x0000000708e00000, 0x0000000708e00000, 0x0000000709000000|  0%| F|  |TAMS 0x0000000708e00000| PB 0x0000000708e00000| Untracked |  0
|  59|0x0000000709000000, 0x0000000709000000, 0x0000000709200000|  0%| F|  |TAMS 0x0000000709000000| PB 0x0000000709000000| Untracked |  0
|  60|0x0000000709200000, 0x0000000709200000, 0x0000000709400000|  0%| F|  |TAMS 0x0000000709200000| PB 0x0000000709200000| Untracked |  0
|  61|0x0000000709400000, 0x0000000709400000, 0x0000000709600000|  0%| F|  |TAMS 0x0000000709400000| PB 0x0000000709400000| Untracked |  0
|  62|0x0000000709600000, 0x0000000709600000, 0x0000000709800000|  0%| F|  |TAMS 0x0000000709600000| PB 0x0000000709600000| Untracked |  0
|  63|0x0000000709800000, 0x0000000709800000, 0x0000000709a00000|  0%| F|  |TAMS 0x0000000709800000| PB 0x0000000709800000| Untracked |  0
|  64|0x0000000709a00000, 0x0000000709a00000, 0x0000000709c00000|  0%| F|  |TAMS 0x0000000709a00000| PB 0x0000000709a00000| Untracked |  0
|  65|0x0000000709c00000, 0x0000000709c00000, 0x0000000709e00000|  0%| F|  |TAMS 0x0000000709c00000| PB 0x0000000709c00000| Untracked |  0
|  66|0x0000000709e00000, 0x0000000709e00000, 0x000000070a000000|  0%| F|  |TAMS 0x0000000709e00000| PB 0x0000000709e00000| Untracked |  0
|  67|0x000000070a000000, 0x000000070a000000, 0x000000070a200000|  0%| F|  |TAMS 0x000000070a000000| PB 0x000000070a000000| Untracked |  0
|  68|0x000000070a200000, 0x000000070a200000, 0x000000070a400000|  0%| F|  |TAMS 0x000000070a200000| PB 0x000000070a200000| Untracked |  0
|  69|0x000000070a400000, 0x000000070a400000, 0x000000070a600000|  0%| F|  |TAMS 0x000000070a400000| PB 0x000000070a400000| Untracked |  0
|  70|0x000000070a600000, 0x000000070a600000, 0x000000070a800000|  0%| F|  |TAMS 0x000000070a600000| PB 0x000000070a600000| Untracked |  0
|  71|0x000000070a800000, 0x000000070a800000, 0x000000070aa00000|  0%| F|  |TAMS 0x000000070a800000| PB 0x000000070a800000| Untracked |  0
|  72|0x000000070aa00000, 0x000000070aa00000, 0x000000070ac00000|  0%| F|  |TAMS 0x000000070aa00000| PB 0x000000070aa00000| Untracked |  0
|  73|0x000000070ac00000, 0x000000070ac00000, 0x000000070ae00000|  0%| F|  |TAMS 0x000000070ac00000| PB 0x000000070ac00000| Untracked |  0
|  74|0x000000070ae00000, 0x000000070ae00000, 0x000000070b000000|  0%| F|  |TAMS 0x000000070ae00000| PB 0x000000070ae00000| Untracked |  0
|  75|0x000000070b000000, 0x000000070b000000, 0x000000070b200000|  0%| F|  |TAMS 0x000000070b000000| PB 0x000000070b000000| Untracked |  0
|  76|0x000000070b200000, 0x000000070b200000, 0x000000070b400000|  0%| F|  |TAMS 0x000000070b200000| PB 0x000000070b200000| Untracked |  0
|  77|0x000000070b400000, 0x000000070b400000, 0x000000070b600000|  0%| F|  |TAMS 0x000000070b400000| PB 0x000000070b400000| Untracked |  0
|  78|0x000000070b600000, 0x000000070b600000, 0x000000070b800000|  0%| F|  |TAMS 0x000000070b600000| PB 0x000000070b600000| Untracked |  0
|  79|0x000000070b800000, 0x000000070b800000, 0x000000070ba00000|  0%| F|  |TAMS 0x000000070b800000| PB 0x000000070b800000| Untracked |  0
|  80|0x000000070ba00000, 0x000000070ba00000, 0x000000070bc00000|  0%| F|  |TAMS 0x000000070ba00000| PB 0x000000070ba00000| Untracked |  0
|  81|0x000000070bc00000, 0x000000070bc00000, 0x000000070be00000|  0%| F|  |TAMS 0x000000070bc00000| PB 0x000000070bc00000| Untracked |  0
|  82|0x000000070be00000, 0x000000070be00000, 0x000000070c000000|  0%| F|  |TAMS 0x000000070be00000| PB 0x000000070be00000| Untracked |  0
|  83|0x000000070c000000, 0x000000070c000000, 0x000000070c200000|  0%| F|  |TAMS 0x000000070c000000| PB 0x000000070c000000| Untracked |  0
|  84|0x000000070c200000, 0x000000070c200000, 0x000000070c400000|  0%| F|  |TAMS 0x000000070c200000| PB 0x000000070c200000| Untracked |  0
|  85|0x000000070c400000, 0x000000070c400000, 0x000000070c600000|  0%| F|  |TAMS 0x000000070c400000| PB 0x000000070c400000| Untracked |  0
|  86|0x000000070c600000, 0x000000070c600000, 0x000000070c800000|  0%| F|  |TAMS 0x000000070c600000| PB 0x000000070c600000| Untracked |  0
|  87|0x000000070c800000, 0x000000070c800000, 0x000000070ca00000|  0%| F|  |TAMS 0x000000070c800000| PB 0x000000070c800000| Untracked |  0
|  88|0x000000070ca00000, 0x000000070ca00000, 0x000000070cc00000|  0%| F|  |TAMS 0x000000070ca00000| PB 0x000000070ca00000| Untracked |  0
|  89|0x000000070cc00000, 0x000000070cc00000, 0x000000070ce00000|  0%| F|  |TAMS 0x000000070cc00000| PB 0x000000070cc00000| Untracked |  0
|  90|0x000000070ce00000, 0x000000070ce00000, 0x000000070d000000|  0%| F|  |TAMS 0x000000070ce00000| PB 0x000000070ce00000| Untracked |  0
|  91|0x000000070d000000, 0x000000070d000000, 0x000000070d200000|  0%| F|  |TAMS 0x000000070d000000| PB 0x000000070d000000| Untracked |  0
|  92|0x000000070d200000, 0x000000070d200000, 0x000000070d400000|  0%| F|  |TAMS 0x000000070d200000| PB 0x000000070d200000| Untracked |  0
|  93|0x000000070d400000, 0x000000070d400000, 0x000000070d600000|  0%| F|  |TAMS 0x000000070d400000| PB 0x000000070d400000| Untracked |  0
|  94|0x000000070d600000, 0x000000070d600000, 0x000000070d800000|  0%| F|  |TAMS 0x000000070d600000| PB 0x000000070d600000| Untracked |  0
|  95|0x000000070d800000, 0x000000070d800000, 0x000000070da00000|  0%| F|  |TAMS 0x000000070d800000| PB 0x000000070d800000| Untracked |  0
|  96|0x000000070da00000, 0x000000070da00000, 0x000000070dc00000|  0%| F|  |TAMS 0x000000070da00000| PB 0x000000070da00000| Untracked |  0
|  97|0x000000070dc00000, 0x000000070dc00000, 0x000000070de00000|  0%| F|  |TAMS 0x000000070dc00000| PB 0x000000070dc00000| Untracked |  0
|  98|0x000000070de00000, 0x000000070de00000, 0x000000070e000000|  0%| F|  |TAMS 0x000000070de00000| PB 0x000000070de00000| Untracked |  0
|  99|0x000000070e000000, 0x000000070e000000, 0x000000070e200000|  0%| F|  |TAMS 0x000000070e000000| PB 0x000000070e000000| Untracked |  0
| 100|0x000000070e200000, 0x000000070e200000, 0x000000070e400000|  0%| F|  |TAMS 0x000000070e200000| PB 0x000000070e200000| Untracked |  0
| 101|0x000000070e400000, 0x000000070e400000, 0x000000070e600000|  0%| F|  |TAMS 0x000000070e400000| PB 0x000000070e400000| Untracked |  0
| 102|0x000000070e600000, 0x000000070e600000, 0x000000070e800000|  0%| F|  |TAMS 0x000000070e600000| PB 0x000000070e600000| Untracked |  0
| 103|0x000000070e800000, 0x000000070e800000, 0x000000070ea00000|  0%| F|  |TAMS 0x000000070e800000| PB 0x000000070e800000| Untracked |  0
| 104|0x000000070ea00000, 0x000000070ea00000, 0x000000070ec00000|  0%| F|  |TAMS 0x000000070ea00000| PB 0x000000070ea00000| Untracked |  0
| 105|0x000000070ec00000, 0x000000070ec00000, 0x000000070ee00000|  0%| F|  |TAMS 0x000000070ec00000| PB 0x000000070ec00000| Untracked |  0
| 106|0x000000070ee00000, 0x000000070ee00000, 0x000000070f000000|  0%| F|  |TAMS 0x000000070ee00000| PB 0x000000070ee00000| Untracked |  0
| 107|0x000000070f000000, 0x000000070f000000, 0x000000070f200000|  0%| F|  |TAMS 0x000000070f000000| PB 0x000000070f000000| Untracked |  0
| 108|0x000000070f200000, 0x000000070f200000, 0x000000070f400000|  0%| F|  |TAMS 0x000000070f200000| PB 0x000000070f200000| Untracked |  0
| 109|0x000000070f400000, 0x000000070f400000, 0x000000070f600000|  0%| F|  |TAMS 0x000000070f400000| PB 0x000000070f400000| Untracked |  0
| 110|0x000000070f600000, 0x000000070f600000, 0x000000070f800000|  0%| F|  |TAMS 0x000000070f600000| PB 0x000000070f600000| Untracked |  0
| 111|0x000000070f800000, 0x000000070f800000, 0x000000070fa00000|  0%| F|  |TAMS 0x000000070f800000| PB 0x000000070f800000| Untracked |  0
| 112|0x000000070fa00000, 0x000000070fa00000, 0x000000070fc00000|  0%| F|  |TAMS 0x000000070fa00000| PB 0x000000070fa00000| Untracked |  0
| 113|0x000000070fc00000, 0x000000070fc00000, 0x000000070fe00000|  0%| F|  |TAMS 0x000000070fc00000| PB 0x000000070fc00000| Untracked |  0
| 114|0x000000070fe00000, 0x000000070fe00000, 0x0000000710000000|  0%| F|  |TAMS 0x000000070fe00000| PB 0x000000070fe00000| Untracked |  0
| 115|0x0000000710000000, 0x0000000710000000, 0x0000000710200000|  0%| F|  |TAMS 0x0000000710000000| PB 0x0000000710000000| Untracked |  0
| 116|0x0000000710200000, 0x0000000710200000, 0x0000000710400000|  0%| F|  |TAMS 0x0000000710200000| PB 0x0000000710200000| Untracked |  0
| 117|0x0000000710400000, 0x0000000710400000, 0x0000000710600000|  0%| F|  |TAMS 0x0000000710400000| PB 0x0000000710400000| Untracked |  0
| 118|0x0000000710600000, 0x0000000710600000, 0x0000000710800000|  0%| F|  |TAMS 0x0000000710600000| PB 0x0000000710600000| Untracked |  0
| 119|0x0000000710800000, 0x00000007109c1e40, 0x0000000710a00000| 87%| E|  |TAMS 0x0000000710800000| PB 0x0000000710800000| Complete |  0
| 120|0x0000000710a00000, 0x0000000710c00000, 0x0000000710c00000|100%| E|CS|TAMS 0x0000000710a00000| PB 0x0000000710a00000| Complete |  0
| 121|0x0000000710c00000, 0x0000000710cd2600, 0x0000000710e00000| 41%| S|CS|TAMS 0x0000000710c00000| PB 0x0000000710c00000| Complete |  0
| 122|0x0000000710e00000, 0x0000000711000000, 0x0000000711000000|100%| E|CS|TAMS 0x0000000710e00000| PB 0x0000000710e00000| Complete |  0
| 123|0x0000000711000000, 0x0000000711200000, 0x0000000711200000|100%| E|CS|TAMS 0x0000000711000000| PB 0x0000000711000000| Complete |  0
| 124|0x0000000711200000, 0x0000000711400000, 0x0000000711400000|100%| E|CS|TAMS 0x0000000711200000| PB 0x0000000711200000| Complete |  0
| 125|0x0000000711400000, 0x0000000711600000, 0x0000000711600000|100%| E|CS|TAMS 0x0000000711400000| PB 0x0000000711400000| Complete |  0
| 126|0x0000000711600000, 0x0000000711800000, 0x0000000711800000|100%| E|CS|TAMS 0x0000000711600000| PB 0x0000000711600000| Complete |  0
| 127|0x0000000711800000, 0x0000000711a00000, 0x0000000711a00000|100%| E|CS|TAMS 0x0000000711800000| PB 0x0000000711800000| Complete |  0

Card table byte_map: [0x00000281d17a0000,0x00000281d1fa0000] _byte_map_base: 0x00000281cdf93000

Marking Bits: (CMBitMap*) 0x00000281b98b5a50
 Bits: [0x00000281d1fa0000, 0x00000281d5f38000)

Polling page: 0x00000281b7720000

Metaspace:

Usage:
  Non-class:     14.01 MB used.
      Class:      2.03 MB used.
       Both:     16.05 MB used.

Virtual space:
  Non-class space:       64.00 MB reserved,      14.38 MB ( 22%) committed,  1 nodes.
      Class space:        1.00 GB reserved,       2.25 MB ( <1%) committed,  1 nodes.
             Both:        1.06 GB reserved,      16.62 MB (  2%) committed. 

Chunk freelists:
   Non-Class:  992.00 KB
       Class:  13.65 MB
        Both:  14.62 MB

MaxMetaspaceSize: unlimited
CompressedClassSpaceSize: 1.00 GB
Initial GC threshold: 21.00 MB
Current GC threshold: 21.00 MB
CDS: on
 - commit_granule_bytes: 65536.
 - commit_granule_words: 8192.
 - virtual_space_node_default_size: 8388608.
 - enlarge_chunks_in_place: 1.
 - use_allocation_guard: 0.


Internal statistics:

num_allocs_failed_limit: 0.
num_arena_births: 760.
num_arena_deaths: 0.
num_vsnodes_births: 2.
num_vsnodes_deaths: 0.
num_space_committed: 266.
num_space_uncommitted: 0.
num_chunks_returned_to_freelist: 0.
num_chunks_taken_from_freelist: 988.
num_chunk_merges: 0.
num_chunk_splits: 625.
num_chunks_enlarged: 313.
num_inconsistent_stats: 0.

CodeHeap 'non-profiled nmethods': size=120064Kb used=1133Kb max_used=1133Kb free=118930Kb
 bounds [0x00000281c9a60000, 0x00000281c9cd0000, 0x00000281d0fa0000]
CodeHeap 'profiled nmethods': size=120000Kb used=4621Kb max_used=4621Kb free=115378Kb
 bounds [0x00000281c1fa0000, 0x00000281c2430000, 0x00000281c94d0000]
CodeHeap 'non-nmethods': size=5696Kb used=1791Kb max_used=1887Kb free=3904Kb
 bounds [0x00000281c94d0000, 0x00000281c9740000, 0x00000281c9a60000]
CodeCache: size=245760Kb, used=7545Kb, max_used=7641Kb, free=238212Kb
 total_blobs=4031, nmethods=3197, adapters=728, full_count=0
Compilation: enabled, stopped_count=0, restarted_count=0

Compilation events (20 events):
Event: 4.766 Thread 0x00000281d8430870 3190       3       java.util.concurrent.locks.AbstractQueuedSynchronizer$ConditionNode::isReleasable (23 bytes)
Event: 4.766 Thread 0x00000281d8430870 nmethod 3190 0x00000281c241ae88 code [0x00000281c241afa0, 0x00000281c241b1e8]
Event: 4.794 Thread 0x00000281d8430870 3191   !   3       java.awt.EventQueue::setCurrentEventAndMostRecentTimeImpl (191 bytes)
Event: 4.795 Thread 0x00000281d8430870 nmethod 3191 0x00000281c241b288 code [0x00000281c241b4a0, 0x00000281c241ca30]
Event: 4.831 Thread 0x00000281d8430870 3192       3       java.awt.EventQueue::dispatchEvent (80 bytes)
Event: 4.833 Thread 0x00000281d8430870 nmethod 3192 0x00000281c241cb08 code [0x00000281c241ce00, 0x00000281c241df68]
Event: 4.833 Thread 0x00000281d8430870 3193       3       java.awt.EventQueue$4::<init> (20 bytes)
Event: 4.833 Thread 0x00000281d8430870 nmethod 3193 0x00000281c241e008 code [0x00000281c241e120, 0x00000281c241e3b8]
Event: 4.833 Thread 0x00000281d8430870 3194       3       java.awt.EventQueue::getAccessControlContextFrom (53 bytes)
Event: 4.834 Thread 0x00000281d8430870 nmethod 3194 0x00000281c241e408 code [0x00000281c241e5a0, 0x00000281c241ef58]
Event: 4.870 Thread 0x00000281d8430870 3195       3       java.awt.EventQueue::getPriority (78 bytes)
Event: 4.871 Thread 0x00000281d8430870 nmethod 3195 0x00000281c241ef88 code [0x00000281c241f0e0, 0x00000281c241f690]
Event: 4.871 Thread 0x00000281d8430870 3196       3       java.awt.EventQueue::postEvent (172 bytes)
Event: 4.873 Thread 0x00000281d8430870 nmethod 3196 0x00000281c241f708 code [0x00000281c241f9c0, 0x00000281c2420d68]
Event: 4.873 Thread 0x00000281d8430870 3197       3       java.awt.EventQueue::coalesceEvent (86 bytes)
Event: 4.874 Thread 0x00000281d8430870 nmethod 3197 0x00000281c2420e08 code [0x00000281c2420fc0, 0x00000281c2421bb8]
Event: 5.937 Thread 0x00000281d8430870 3198       3       java.awt.Toolkit$SelectiveAWTEventListener::eventDispatched (745 bytes)
Event: 5.939 Thread 0x00000281d8430870 nmethod 3198 0x00000281c2421c08 code [0x00000281c2421e00, 0x00000281c2422f80]
Event: 5.942 Thread 0x00000281d8430870 3199       3       java.awt.AWTEvent::<init> (81 bytes)
Event: 5.944 Thread 0x00000281d8430870 nmethod 3199 0x00000281c2423008 code [0x00000281c2423160, 0x00000281c24235f0]

GC Heap History (4 events):
Event: 0.860 GC heap before
{Heap before GC invocations=0 (full 0):
 garbage-first heap   total reserved 4167680K, committed 262144K, used 14336K [0x0000000701a00000, 0x0000000800000000)
  region size 2048K, 7 young (14336K), 0 survivors (0K)
 Metaspace       used 10897K, committed 11200K, reserved 1114112K
  class space    used 1385K, committed 1536K, reserved 1048576K
}
Event: 0.865 GC heap after
{Heap after GC invocations=1 (full 0):
 garbage-first heap   total reserved 4167680K, committed 262144K, used 3271K [0x0000000701a00000, 0x0000000800000000)
  region size 2048K, 1 young (2048K), 1 survivors (2048K)
 Metaspace       used 10897K, committed 11200K, reserved 1114112K
  class space    used 1385K, committed 1536K, reserved 1048576K
}
Event: 1.117 GC heap before
{Heap before GC invocations=1 (full 0):
 garbage-first heap   total reserved 4167680K, committed 262144K, used 15559K [0x0000000701a00000, 0x0000000800000000)
  region size 2048K, 7 young (14336K), 1 survivors (2048K)
 Metaspace       used 11434K, committed 11712K, reserved 1114112K
  class space    used 1428K, committed 1536K, reserved 1048576K
}
Event: 1.120 GC heap after
{Heap after GC invocations=2 (full 0):
 garbage-first heap   total reserved 4167680K, committed 262144K, used 4278K [0x0000000701a00000, 0x0000000800000000)
  region size 2048K, 1 young (2048K), 1 survivors (2048K)
 Metaspace       used 11434K, committed 11712K, reserved 1114112K
  class space    used 1428K, committed 1536K, reserved 1048576K
}

Dll operation events (12 events):
Event: 0.011 Loaded shared library C:\Program Files\Java\jdk-23\bin\java.dll
Event: 0.048 Loaded shared library C:\Program Files\Java\jdk-23\bin\jsvml.dll
Event: 0.083 Loaded shared library C:\Program Files\Java\jdk-23\bin\net.dll
Event: 0.085 Loaded shared library C:\Program Files\Java\jdk-23\bin\nio.dll
Event: 0.111 Loaded shared library C:\Program Files\Java\jdk-23\bin\zip.dll
Event: 0.129 Loaded shared library C:\Program Files\Java\jdk-23\bin\jimage.dll
Event: 0.133 Loaded shared library C:\Program Files\Java\jdk-23\bin\awt.dll
Event: 0.351 Loaded shared library C:\Users\LapStore\AppData\Local\Temp\flatlaf.temp\flatlaf-windows-x86_64-2002276884263000.dll
Event: 0.415 Loaded shared library C:\Program Files\Java\jdk-23\bin\freetype.dll
Event: 0.416 Loaded shared library C:\Program Files\Java\jdk-23\bin\fontmanager.dll
Event: 1.412 Loaded shared library C:\Windows\System32\ucrtbase.dll
Event: 1.414 Loaded shared library C:\Program Files\Java\jdk-23\bin\syslookup.dll

Deoptimization events (20 events):
Event: 2.016 Thread 0x00000281d8418170 DEOPT PACKING pc=0x00000281c23d18c3 sp=0x000000d2afefd200
Event: 2.016 Thread 0x00000281d8418170 DEOPT UNPACKING pc=0x00000281c9524b22 sp=0x000000d2afefc650 mode 0
Event: 2.017 Thread 0x00000281d8418170 DEOPT PACKING pc=0x00000281c23d18c3 sp=0x000000d2afefd200
Event: 2.017 Thread 0x00000281d8418170 DEOPT UNPACKING pc=0x00000281c9524b22 sp=0x000000d2afefc650 mode 0
Event: 2.018 Thread 0x00000281d8418170 DEOPT PACKING pc=0x00000281c23d18c3 sp=0x000000d2afefd200
Event: 2.018 Thread 0x00000281d8418170 DEOPT UNPACKING pc=0x00000281c9524b22 sp=0x000000d2afefc650 mode 0
Event: 2.019 Thread 0x00000281d8418170 DEOPT PACKING pc=0x00000281c23d18c3 sp=0x000000d2afefd200
Event: 2.019 Thread 0x00000281d8418170 DEOPT UNPACKING pc=0x00000281c9524b22 sp=0x000000d2afefc650 mode 0
Event: 2.019 Thread 0x00000281d8418170 DEOPT PACKING pc=0x00000281c23d18c3 sp=0x000000d2afefcf70
Event: 2.019 Thread 0x00000281d8418170 DEOPT UNPACKING pc=0x00000281c9524b22 sp=0x000000d2afefc3c0 mode 0
Event: 2.021 Thread 0x00000281d8418170 DEOPT PACKING pc=0x00000281c23d18c3 sp=0x000000d2afefce20
Event: 2.021 Thread 0x00000281d8418170 DEOPT UNPACKING pc=0x00000281c9524b22 sp=0x000000d2afefc270 mode 0
Event: 2.029 Thread 0x00000281d8418170 DEOPT PACKING pc=0x00000281c23d18c3 sp=0x000000d2afefcf50
Event: 2.029 Thread 0x00000281d8418170 DEOPT UNPACKING pc=0x00000281c9524b22 sp=0x000000d2afefc3a0 mode 0
Event: 2.911 Thread 0x00000281d8418170 DEOPT PACKING pc=0x00000281c24058ef sp=0x000000d2afefd5c0
Event: 2.911 Thread 0x00000281d8418170 DEOPT UNPACKING pc=0x00000281c9524b22 sp=0x000000d2afefc9b8 mode 0
Event: 3.368 Thread 0x00000281d8418170 Uncommon trap: trap_request=0xffffff6e fr.pc=0x00000281c9b74c28 relative=0x00000000000022a8
Event: 3.368 Thread 0x00000281d8418170 Uncommon trap: reason=loop_limit_check action=maybe_recompile pc=0x00000281c9b74c28 method=sun.java2d.marlin.Renderer._endRendering(II)V @ 1137 c2
Event: 3.368 Thread 0x00000281d8418170 DEOPT PACKING pc=0x00000281c9b74c28 sp=0x000000d2afefd3f0
Event: 3.368 Thread 0x00000281d8418170 DEOPT UNPACKING pc=0x00000281c9524402 sp=0x000000d2afefd1f0 mode 2

Classes loaded (20 events):
Event: 2.000 Loading class java/awt/LightweightDispatcher$1
Event: 2.000 Loading class java/awt/LightweightDispatcher$1 done
Event: 2.001 Loading class java/awt/TextComponent
Event: 2.001 Loading class java/awt/TextComponent done
Event: 2.035 Loading class java/awt/KeyboardFocusManager$3
Event: 2.035 Loading class java/awt/KeyboardFocusManager$3 done
Event: 2.040 Loading class sun/awt/im/CompositionAreaHandler
Event: 2.040 Loading class sun/awt/im/CompositionAreaHandler done
Event: 2.040 Loading class java/text/AttributedString
Event: 2.040 Loading class java/text/AttributedString done
Event: 2.040 Loading class java/text/AttributedString$AttributedStringIterator
Event: 2.040 Loading class java/text/AttributedCharacterIterator
Event: 2.041 Loading class java/text/AttributedCharacterIterator done
Event: 2.041 Loading class java/text/AttributedString$AttributedStringIterator done
Event: 3.805 Loading class java/awt/Canvas
Event: 3.805 Loading class java/awt/Canvas done
Event: 3.806 Loading class java/awt/Scrollbar
Event: 3.806 Loading class java/awt/Scrollbar done
Event: 5.013 Loading class java/awt/LightweightDispatcher$2
Event: 5.013 Loading class java/awt/LightweightDispatcher$2 done

Classes unloaded (0 events):
No events

Classes redefined (0 events):
No events

Internal exceptions (20 events):
Event: 1.584 Thread 0x00000281d8418170 Exception <a 'java/lang/NoSuchMethodError'{0x0000000710a00db8}: 'int java.lang.invoke.DirectMethodHandle$Holder.invokeSpecial(java.lang.Object, java.lang.Object, java.lang.Object, int, java.lang.Object)'> (0x0000000710a00db8) 
thrown [s\open\src\hotspot\share\interpreter\linkResolver.cpp, line 796]
Event: 1.585 Thread 0x00000281d8418170 Exception <a 'java/lang/NoSuchMethodError'{0x0000000710a04578}: 'int java.lang.invoke.DelegatingMethodHandle$Holder.reinvoke_L(java.lang.Object, java.lang.Object, int, java.lang.Object)'> (0x0000000710a04578) 
thrown [s\open\src\hotspot\share\interpreter\linkResolver.cpp, line 796]
Event: 1.588 Thread 0x00000281d8418170 Exception <a 'java/lang/NoSuchMethodError'{0x0000000710a1ceb0}: 'int java.lang.invoke.DelegatingMethodHandle$Holder.reinvoke_L(java.lang.Object, java.lang.Object, int, long)'> (0x0000000710a1ceb0) 
thrown [s\open\src\hotspot\share\interpreter\linkResolver.cpp, line 796]
Event: 1.588 Thread 0x00000281d8418170 Exception <a 'java/lang/NoSuchMethodError'{0x0000000710a23b80}: 'int java.lang.invoke.DirectMethodHandle$Holder.invokeSpecial(java.lang.Object, java.lang.Object, int, long)'> (0x0000000710a23b80) 
thrown [s\open\src\hotspot\share\interpreter\linkResolver.cpp, line 796]
Event: 1.588 Thread 0x00000281d8418170 Exception <a 'java/lang/NoSuchMethodError'{0x0000000710a27170}: 'int java.lang.invoke.Invokers$Holder.exactInvoker(java.lang.Object, java.lang.Object, int, long)'> (0x0000000710a27170) 
thrown [s\open\src\hotspot\share\interpreter\linkResolver.cpp, line 796]
Event: 1.589 Thread 0x00000281d8418170 Exception <a 'java/lang/NoSuchMethodError'{0x0000000710a2acf8}: 'int java.lang.invoke.DelegatingMethodHandle$Holder.delegate(java.lang.Object, java.lang.Object, int, long)'> (0x0000000710a2acf8) 
thrown [s\open\src\hotspot\share\interpreter\linkResolver.cpp, line 796]
Event: 1.594 Thread 0x00000281d8418170 Exception <a 'java/lang/NoSuchMethodError'{0x0000000710a4abf0}: 'void java.lang.invoke.DirectMethodHandle$Holder.invokeSpecial(java.lang.Object, java.lang.Object, float, java.lang.Object, java.lang.Object, java.lang.Object, int, int, int, int, int, float, float, int, int, java.lang.Object, java.lang.Object)'> (0x0000000710a4abf0) 
thrown [s\open\src\hotspot\share\interpreter\linkResolver.cpp, line 796]
Event: 1.596 Thread 0x00000281d8418170 Exception <a 'java/lang/NoSuchMethodError'{0x0000000710a5abf0}: 'int java.lang.invoke.DirectMethodHandle$Holder.invokeSpecial(java.lang.Object, java.lang.Object, int, java.lang.Object)'> (0x0000000710a5abf0) 
thrown [s\open\src\hotspot\share\interpreter\linkResolver.cpp, line 796]
Event: 1.596 Thread 0x00000281d8418170 Exception <a 'java/lang/NoSuchMethodError'{0x0000000710a5e220}: 'int java.lang.invoke.Invokers$Holder.invokeExact_MT(java.lang.Object, int, java.lang.Object, java.lang.Object)'> (0x0000000710a5e220) 
thrown [s\open\src\hotspot\share\interpreter\linkResolver.cpp, line 796]
Event: 1.596 Thread 0x00000281d8418170 Exception <a 'java/lang/NoSuchMethodError'{0x0000000710a61d58}: 'java.lang.Object java.lang.invoke.Invokers$Holder.invokeExact_MT(java.lang.Object, long, java.lang.Object)'> (0x0000000710a61d58) 
thrown [s\open\src\hotspot\share\interpreter\linkResolver.cpp, line 796]
Event: 1.599 Thread 0x00000281d8418170 Exception <a 'java/lang/NoSuchMethodError'{0x0000000710a75fd8}: 'java.lang.Object java.lang.invoke.DelegatingMethodHandle$Holder.reinvoke_L(java.lang.Object, long, long, long)'> (0x0000000710a75fd8) 
thrown [s\open\src\hotspot\share\interpreter\linkResolver.cpp, line 796]
Event: 1.600 Thread 0x00000281d8418170 Exception <a 'java/lang/NoSuchMethodError'{0x0000000710a8b800}: 'java.lang.Object java.lang.invoke.DirectMethodHandle$Holder.invokeStatic(java.lang.Object, java.lang.Object, java.lang.Object, java.lang.Object, long, long)'> (0x0000000710a8b800) 
thrown [s\open\src\hotspot\share\interpreter\linkResolver.cpp, line 796]
Event: 1.605 Thread 0x00000281d8418170 Exception <a 'java/lang/NoSuchMethodError'{0x0000000710ab6f88}: 'void java.lang.invoke.DelegatingMethodHandle$Holder.reinvoke_L(java.lang.Object, java.lang.Object, java.lang.Object, long, long)'> (0x0000000710ab6f88) 
thrown [s\open\src\hotspot\share\interpreter\linkResolver.cpp, line 796]
Event: 1.606 Thread 0x00000281d8418170 Exception <a 'java/lang/NoSuchMethodError'{0x0000000710ac2790}: 'void java.lang.invoke.DirectMethodHandle$Holder.invokeSpecial(java.lang.Object, java.lang.Object, java.lang.Object, long)'> (0x0000000710ac2790) 
thrown [s\open\src\hotspot\share\interpreter\linkResolver.cpp, line 796]
Event: 1.609 Thread 0x00000281d8418170 Exception <a 'java/lang/NoSuchMethodError'{0x0000000710aeaf78}: 'void java.lang.invoke.DelegatingMethodHandle$Holder.reinvoke_L(java.lang.Object, java.lang.Object, java.lang.Object, long, int)'> (0x0000000710aeaf78) 
thrown [s\open\src\hotspot\share\interpreter\linkResolver.cpp, line 796]
Event: 1.612 Thread 0x00000281d8418170 Exception <a 'java/lang/NoSuchMethodError'{0x0000000710afd5d8}: 'int java.lang.invoke.Invokers$Holder.invokeExact_MT(java.lang.Object, java.lang.Object, java.lang.Object, int, java.lang.Object, java.lang.Object)'> (0x0000000710afd5d8) 
thrown [s\open\src\hotspot\share\interpreter\linkResolver.cpp, line 796]
Event: 1.614 Thread 0x00000281d8418170 Exception <a 'java/lang/NoSuchMethodError'{0x0000000710b11270}: 'int java.lang.invoke.DelegatingMethodHandle$Holder.reinvoke_L(java.lang.Object, java.lang.Object, java.lang.Object, long)'> (0x0000000710b11270) 
thrown [s\open\src\hotspot\share\interpreter\linkResolver.cpp, line 796]
Event: 1.617 Thread 0x00000281d8418170 Exception <a 'java/lang/NoSuchMethodError'{0x0000000710b321d8}: 'java.lang.Object java.lang.invoke.DirectMethodHandle$Holder.invokeStatic(java.lang.Object, java.lang.Object, java.lang.Object, java.lang.Object, java.lang.Object, java.lang.Object, java.lang.Object, long)'> (0x0000000710b321d8) 
thrown [s\open\src\hotspot\share\interpreter\linkResolver.cpp, line 796]
Event: 1.779 Thread 0x00000281d8418170 Implicit null exception at 0x00000281c9b05135 to 0x00000281c9b05268
Event: 1.799 Thread 0x00000281d8418170 Implicit null exception at 0x00000281c9b064f5 to 0x00000281c9b065f8

VM Operations (20 events):
Event: 1.567 Executing VM operation: HandshakeAllThreads (Deoptimize)
Event: 1.567 Executing VM operation: HandshakeAllThreads (Deoptimize) done
Event: 1.569 Executing VM operation: HandshakeAllThreads (Deoptimize)
Event: 1.570 Executing VM operation: HandshakeAllThreads (Deoptimize) done
Event: 1.838 Executing VM operation: HandshakeAllThreads (Deoptimize)
Event: 1.838 Executing VM operation: HandshakeAllThreads (Deoptimize) done
Event: 1.849 Executing VM operation: HandshakeAllThreads (Deoptimize)
Event: 1.849 Executing VM operation: HandshakeAllThreads (Deoptimize) done
Event: 1.865 Executing VM operation: HandshakeAllThreads (Deoptimize)
Event: 1.865 Executing VM operation: HandshakeAllThreads (Deoptimize) done
Event: 1.946 Executing VM operation: HandshakeAllThreads (Deoptimize)
Event: 1.946 Executing VM operation: HandshakeAllThreads (Deoptimize) done
Event: 2.001 Executing VM operation: HandshakeAllThreads (Deoptimize)
Event: 2.001 Executing VM operation: HandshakeAllThreads (Deoptimize) done
Event: 2.041 Executing VM operation: HandshakeAllThreads (Deoptimize)
Event: 2.041 Executing VM operation: HandshakeAllThreads (Deoptimize) done
Event: 60.272 Executing VM operation: HandshakeAllThreads (HandshakeForDeflation)
Event: 60.272 Executing VM operation: HandshakeAllThreads (HandshakeForDeflation) done
Event: 60.272 Executing VM operation: RendezvousGCThreads
Event: 60.272 Executing VM operation: RendezvousGCThreads done

Memory protections (0 events):
No events

Nmethod flushes (0 events):
No events

Events (20 events):
Event: 0.030 Thread 0x00000281b75db680 Thread added: 0x00000281b75db680
Event: 0.044 Thread 0x00000281b75db680 Thread added: 0x00000281d8410e20
Event: 0.044 Thread 0x00000281b75db680 Thread added: 0x00000281d8412bf0
Event: 0.045 Thread 0x00000281b75db680 Thread added: 0x00000281d8416a20
Event: 0.045 Thread 0x00000281b75db680 Thread added: 0x00000281d8417ae0
Event: 0.045 Thread 0x00000281b75db680 Thread added: 0x00000281d8418800
Event: 0.045 Thread 0x00000281b75db680 Thread added: 0x00000281d8418e90
Event: 0.045 Thread 0x00000281b75db680 Thread added: 0x00000281d8426d10
Event: 0.045 Thread 0x00000281b75db680 Thread added: 0x00000281d8430870
Event: 0.070 Thread 0x00000281b75db680 Thread added: 0x00000281d8419520
Event: 0.106 Thread 0x00000281b75db680 Thread added: 0x00000281d841a8d0
Event: 0.207 Thread 0x00000281b75db680 Thread added: 0x00000281d8419bb0
Event: 0.208 Thread 0x00000281b75db680 Thread added: 0x00000281d841af60
Event: 0.209 Thread 0x00000281b75db680 Thread added: 0x00000281d841a240
Event: 0.221 Thread 0x00000281b75db680 Thread added: 0x00000281d8418170
Event: 0.221 Thread 0x00000281b75db680 Thread exited: 0x00000281b75db680
Event: 0.221 Thread 0x00000281d87cac30 Thread added: 0x00000281d87cac30
Event: 0.396 Thread 0x00000281d8430870 Thread added: 0x00000281d8431ce0
Event: 0.600 Thread 0x00000281d8418170 Thread added: 0x00000281d87c5050
Event: 2.531 Thread 0x00000281d8431ce0 Thread exited: 0x00000281d8431ce0


Dynamic libraries:
0x00007ff733fe0000 - 0x00007ff733ff0000 	C:\Program Files\Java\jdk-23\bin\java.exe
0x00007ffb4bc50000 - 0x00007ffb4be48000 	C:\Windows\SYSTEM32\ntdll.dll
0x00007ffb4af60000 - 0x00007ffb4b022000 	C:\Windows\System32\KERNEL32.DLL
0x00007ffb49520000 - 0x00007ffb49816000 	C:\Windows\System32\KERNELBASE.dll
0x00007ffb49b30000 - 0x00007ffb49c30000 	C:\Windows\System32\ucrtbase.dll
0x00007ffb37050000 - 0x00007ffb37067000 	C:\Program Files\Java\jdk-23\bin\jli.dll
0x00007ffb43130000 - 0x00007ffb4314b000 	C:\Program Files\Java\jdk-23\bin\VCRUNTIME140.dll
0x00007ffb4b7d0000 - 0x00007ffb4b96d000 	C:\Windows\System32\USER32.dll
0x00007ffb49390000 - 0x00007ffb493b2000 	C:\Windows\System32\win32u.dll
0x00007ffb30f10000 - 0x00007ffb311ab000 	C:\Windows\WinSxS\amd64_microsoft.windows.common-controls_6595b64144ccf1df_6.0.19041.6280_none_60bc30a171f2f3f3\COMCTL32.dll
0x00007ffb49d00000 - 0x00007ffb49d2b000 	C:\Windows\System32\GDI32.dll
0x00007ffb4b030000 - 0x00007ffb4b0ce000 	C:\Windows\System32\msvcrt.dll
0x00007ffb49820000 - 0x00007ffb49939000 	C:\Windows\System32\gdi32full.dll
0x00007ffb492f0000 - 0x00007ffb4938d000 	C:\Windows\System32\msvcp_win.dll
0x00007ffb4af30000 - 0x00007ffb4af5f000 	C:\Windows\System32\IMM32.DLL
0x00007ffb43120000 - 0x00007ffb4312c000 	C:\Program Files\Java\jdk-23\bin\vcruntime140_1.dll
0x00007ffad1040000 - 0x00007ffad10ce000 	C:\Program Files\Java\jdk-23\bin\msvcp140.dll
0x00007ffaec430000 - 0x00007ffaed180000 	C:\Program Files\Java\jdk-23\bin\server\jvm.dll
0x00007ffb4b200000 - 0x00007ffb4b2b1000 	C:\Windows\System32\ADVAPI32.dll
0x00007ffb4ad90000 - 0x00007ffb4ae2f000 	C:\Windows\System32\sechost.dll
0x00007ffb4baf0000 - 0x00007ffb4bc10000 	C:\Windows\System32\RPCRT4.dll
0x00007ffb49b00000 - 0x00007ffb49b27000 	C:\Windows\System32\bcrypt.dll
0x00007ffb4ad20000 - 0x00007ffb4ad8b000 	C:\Windows\System32\WS2_32.dll
0x00007ffb49150000 - 0x00007ffb4919b000 	C:\Windows\SYSTEM32\POWRPROF.dll
0x00007ffb42780000 - 0x00007ffb4278a000 	C:\Windows\SYSTEM32\VERSION.dll
0x00007ffb31250000 - 0x00007ffb31277000 	C:\Windows\SYSTEM32\WINMM.dll
0x00007ffb49130000 - 0x00007ffb49142000 	C:\Windows\SYSTEM32\UMPDC.dll
0x00007ffb47ad0000 - 0x00007ffb47ae2000 	C:\Windows\SYSTEM32\kernel.appcore.dll
0x00007ffb43060000 - 0x00007ffb4306a000 	C:\Program Files\Java\jdk-23\bin\jimage.dll
0x00007ffb46ea0000 - 0x00007ffb470a1000 	C:\Windows\SYSTEM32\DBGHELP.DLL
0x00007ffb33be0000 - 0x00007ffb33c14000 	C:\Windows\SYSTEM32\dbgcore.DLL
0x00007ffb499c0000 - 0x00007ffb49a42000 	C:\Windows\System32\bcryptPrimitives.dll
0x00007ffb11ad0000 - 0x00007ffb11aee000 	C:\Program Files\Java\jdk-23\bin\java.dll
0x00007ffb4b0d0000 - 0x00007ffb4b1fb000 	C:\Windows\System32\ole32.dll
0x00007ffb4b470000 - 0x00007ffb4b7c3000 	C:\Windows\System32\combase.dll
0x00007ffb4a430000 - 0x00007ffb4aba0000 	C:\Windows\System32\SHELL32.dll
0x00007ffb47310000 - 0x00007ffb47ab5000 	C:\Windows\SYSTEM32\windows.storage.dll
0x00007ffb48b70000 - 0x00007ffb48b9b000 	C:\Windows\SYSTEM32\Wldp.dll
0x00007ffb4a2b0000 - 0x00007ffb4a37d000 	C:\Windows\System32\OLEAUT32.dll
0x00007ffb4a380000 - 0x00007ffb4a42d000 	C:\Windows\System32\SHCORE.dll
0x00007ffb49ca0000 - 0x00007ffb49cfb000 	C:\Windows\System32\shlwapi.dll
0x00007ffb49220000 - 0x00007ffb49244000 	C:\Windows\SYSTEM32\profapi.dll
0x00007ffb0e600000 - 0x00007ffb0e6d7000 	C:\Program Files\Java\jdk-23\bin\jsvml.dll
0x00007ffb17230000 - 0x00007ffb17240000 	C:\Program Files\Java\jdk-23\bin\net.dll
0x00007ffb48950000 - 0x00007ffb489ba000 	C:\Windows\system32\mswsock.dll
0x00007ffb113f0000 - 0x00007ffb11406000 	C:\Program Files\Java\jdk-23\bin\nio.dll
0x00007ffb113d0000 - 0x00007ffb113e7000 	C:\Program Files\Java\jdk-23\bin\zip.dll
0x00007ffad10d0000 - 0x00007ffad125e000 	C:\Program Files\Java\jdk-23\bin\awt.dll
0x00007ffb463c0000 - 0x00007ffb46454000 	C:\Windows\SYSTEM32\apphelp.dll
0x00007ffb46860000 - 0x00007ffb468fe000 	C:\Windows\system32\uxtheme.dll
0x00007ffb4b970000 - 0x00007ffb4ba85000 	C:\Windows\System32\MSCTF.dll
0x00007ffb46a50000 - 0x00007ffb46a7e000 	C:\Windows\system32\DWMAPI.DLL
0x00007ffb21d20000 - 0x00007ffb21e48000 	C:\Windows\system32\opengl32.dll
0x00007ffb37610000 - 0x00007ffb3763c000 	C:\Windows\SYSTEM32\GLU32.dll
0x00007ffb46300000 - 0x00007ffb46306000 	C:\Users\LapStore\AppData\Local\Temp\flatlaf.temp\flatlaf-windows-x86_64-2002276884263000.dll
0x00007ffac8820000 - 0x00007ffac88a7000 	C:\Program Files\Java\jdk-23\bin\freetype.dll
0x00007ffac8740000 - 0x00007ffac8817000 	C:\Program Files\Java\jdk-23\bin\fontmanager.dll
0x00007ffb4a200000 - 0x00007ffb4a2a9000 	C:\Windows\System32\clbcatq.dll
0x00007ffb46620000 - 0x00007ffb467d6000 	C:\Windows\SYSTEM32\WindowsCodecs.dll
0x00007ffb41220000 - 0x00007ffb4125e000 	C:\Windows\system32\dataexchange.dll
0x00007ffb45650000 - 0x00007ffb45834000 	C:\Windows\system32\dcomp.dll
0x00007ffb44d20000 - 0x00007ffb44f84000 	C:\Windows\system32\d3d11.dll
0x00007ffb47b40000 - 0x00007ffb47c36000 	C:\Windows\system32\dxgi.dll
0x00007ffb41d50000 - 0x00007ffb41f53000 	C:\Windows\system32\twinapi.appcore.dll
0x00007ffaea1e0000 - 0x00007ffaea1e9000 	C:\Program Files\Java\jdk-23\bin\syslookup.dll
0x00007ffb38020000 - 0x00007ffb38119000 	C:\Windows\SYSTEM32\textinputframework.dll
0x00007ffb45bc0000 - 0x00007ffb45f1b000 	C:\Windows\System32\CoreUIComponents.dll
0x00007ffb46080000 - 0x00007ffb46172000 	C:\Windows\System32\CoreMessaging.dll
0x00007ffb484e0000 - 0x00007ffb48513000 	C:\Windows\SYSTEM32\ntmarta.dll
0x00007ffb44560000 - 0x00007ffb446b7000 	C:\Windows\SYSTEM32\wintypes.dll
0x00007ffb261a0000 - 0x00007ffb2624c000 	C:\Windows\SYSTEM32\TextShaping.dll

dbghelp: loaded successfully - version: 4.0.5 - missing functions: none
symbol engine: initialized successfully - sym options: 0x614 - pdb path: .;C:\Program Files\Java\jdk-23\bin;C:\Windows\SYSTEM32;C:\Windows\WinSxS\amd64_microsoft.windows.common-controls_6595b64144ccf1df_6.0.19041.6280_none_60bc30a171f2f3f3;C:\Program Files\Java\jdk-23\bin\server;C:\Users\LapStore\AppData\Local\Temp\flatlaf.temp

VM Arguments:
jvm_args: -Dfile.encoding=UTF-8 --module-path=C:\Users\LapStore\OneDrive\Documents\JavaProject6\build\classes 
java_command: com.library.main.Main
java_class_path (initial): C:\Users\LapStore\Downloads\flatlaf-3.2.5.jar;C:\Users\LapStore\OneDrive\Documents\JavaProject6\build\classes
Launcher Type: SUN_STANDARD

[Global flags]
     intx CICompilerCount                          = 3                                         {product} {ergonomic}
     uint ConcGCThreads                            = 1                                         {product} {ergonomic}
     uint G1ConcRefinementThreads                  = 4                                         {product} {ergonomic}
   size_t G1HeapRegionSize                         = 2097152                                   {product} {ergonomic}
   size_t InitialHeapSize                          = 268435456                                 {product} {ergonomic}
   size_t MarkStackSize                            = 4194304                                   {product} {ergonomic}
   size_t MarkStackSizeMax                         = 536870912                                 {product} {ergonomic}
   size_t MaxHeapSize                              = 4267704320                                {product} {ergonomic}
   size_t MaxNewSize                               = 2560622592                                {product} {ergonomic}
   size_t MinHeapDeltaBytes                        = 2097152                                   {product} {ergonomic}
   size_t MinHeapSize                              = 8388608                                   {product} {ergonomic}
    uintx NonNMethodCodeHeapSize                   = 5832704                                {pd product} {ergonomic}
    uintx NonProfiledCodeHeapSize                  = 122945536                              {pd product} {ergonomic}
    uintx ProfiledCodeHeapSize                     = 122880000                              {pd product} {ergonomic}
    uintx ReservedCodeCacheSize                    = 251658240                              {pd product} {ergonomic}
     bool SegmentedCodeCache                       = true                                      {product} {ergonomic}
   size_t SoftMaxHeapSize                          = 4267704320                             {manageable} {ergonomic}
     bool UseCompressedOops                        = true                           {product lp64_product} {ergonomic}
     bool UseG1GC                                  = true                                      {product} {ergonomic}
     bool UseLargePagesIndividualAllocation        = false                                  {pd product} {ergonomic}

Logging:
Log output configuration:
 #0: stdout all=warning uptime,level,tags foldmultilines=false
 #1: stderr all=off uptime,level,tags foldmultilines=false

Environment Variables:
JAVA_HOME=C:\Users\LapStore\AppData\Local\Programs\Eclipse Adoptium\jdk-25.0.0.36-hotspot\
PATH=C:\Program Files\Common Files\Oracle\Java\javapath;C:\Windows\system32;C:\Windows;C:\Windows\System32\Wbem;C:\Windows\System32\WindowsPowerShell\v1.0\;C:\Windows\System32\OpenSSH\;C:\Program Files\Java\jdk-23.0.2\bin;C:\Program Files\Git\cmd;C:\Program Files\dotnet\;C:\Program Files\cursor\resources\app\bin;C:\Program Files\MySQL\MySQL Shell 8.0\bin\;C:\Users\LapStore\AppData\Local\Programs\Eclipse Adoptium\jdk-25.0.0.36-hotspot\bin;C:\Users\LapStore\AppData\Local\Microsoft\WindowsApps;C:\Users\LapStore\AppData\Local\Programs\Microsoft VS Code\bin;C:\Users\LapStore\AppData\Local\Programs\Microsoft VS Code Insiders\bin;C:\msys64\ucrt64\bin;C:\MinGW\bin;C:\Users\LapStore\AppData\Local\GitHubDesktop\bin;C:\xampp\php;C:\flutter\bin;C:\dartsdk-windows-x64-release (1)\dart-sdk\bin;C:\Users\LapStore\AppData\Local\Android\Sdk\platform-tools;C:\Users\LapStore\Downloads\apache-maven-3.9.11-bin\apache-maven-3.9.11\bin;C:\Users\LapStore\AppData\Local\Programs\Antigravity\bin
USERNAME=LapStore
OS=Windows_NT
PROCESSOR_IDENTIFIER=Intel64 Family 6 Model 94 Stepping 3, GenuineIntel
TMP=C:\Users\LapStore\AppData\Local\Temp
TEMP=C:\Users\LapStore\AppData\Local\Temp




Periodic native trim disabled

---------------  S Y S T E M  ---------------

OS:
 Windows 10 , 64 bit Build 19041 (10.0.19041.5915)
OS uptime: 2 days 7:41 hours
Hyper-V role detected

CPU: total 4 (initial active 4) (4 cores per cpu, 1 threads per core) family 6 model 94 stepping 3 microcode 0xf0, cx8, cmov, fxsr, mmx, 3dnowpref, sse, sse2, sse3, ssse3, sse4.1, sse4.2, popcnt, lzcnt, tsc, tscinvbit, avx, avx2, aes, erms, clmul, bmi1, bmi2, rtm, adx, fma, vzeroupper, clflush, clflushopt, hv, rdtscp, f16c
Processor Information for the first 4 processors :
  Max Mhz: 2600, Current Mhz: 2600, Mhz Limit: 2600

Memory: 4k page, system-wide physical 16275M (6063M free)
TotalPageFile size 28659M (AvailPageFile size 918M)
current process WorkingSet (physical memory assigned to process): 105M, peak: 128M
current process commit charge ("private bytes"): 367M, peak: 392M

vm_info: Java HotSpot(TM) 64-Bit Server VM (23.0.2+7-58) for windows-amd64 JRE (23.0.2+7-58), built on 2024-11-29T09:34:55Z with MS VC++ 17.6 (VS2022)

END.
